"id","Name","Brand","modelnumber","brandcolor","eanorupc","eanorupcmeasuringunits","Type","compatibledevice","compatiblewith","price","wholesaleprice","firstsaleprice","secondsaleprice","specialpriceto","specialpricefrom","image","category","quantity",
"114","Guess Studded Flip Cover For Apple iPhone 6 - White","Guess,Guess,Guess,Guess,Guess,Guess,Guess,Guess,Guess,Guess,Guess,Guess,Guess,Guess","GUFLBKP6STW","White","3.70074E+12","","Flip Cover,Flip Cover,Flip Cover,Flip Cover,Flip Cover,Flip Cover,Flip Cover,Flip Cover,Flip Cover,Flip Cover,Flip Cover,Flip Cover,Flip Cover,Flip Cover","Phone","Apple iPhone 6","3000","2400","","","0000-00-00","0000-00-00","Guess_Studded_Apple_iPhone_6_White_6.jpeg,Guess_Studded_Apple_iPhone_6_White_1.jpeg,Guess_Studded_Apple_iPhone_6_White_6.jpeg,Guess_Studded_Apple_iPhone_6_White_2.jpeg,Guess_Studded_Apple_iPhone_6_White_7.jpeg,Guess_Studded_Apple_iPhone_6_White_2.jpeg,Guess_Studded_Apple_iPhone_6_White_7.jpeg,Guess_Studded_Apple_iPhone_6_White_3.jpeg,Guess_Studded_Apple_iPhone_6_White_3.jpeg,Guess_Studded_Apple_iPhone_6_White_4.jpeg,Guess_Studded_Apple_iPhone_6_White_4.jpeg,Guess_Studded_Apple_iPhone_6_White_5.jpeg,Guess_Studded_Apple_iPhone_6_White_5.jpeg,Guess_Studded_Apple_iPhone_6_White_1.jpeg","Apple,Cases & Protection,Cases & Protection,Apple,Apple,Cases & Protection,Cases & Protection,Apple,Cases & Protection,Apple,Cases & Protection,Apple,Cases & Protection,Apple","1",
"112","Guess Studded Flip Cover For Apple iPhone 6 - Black","Guess,Guess,Guess,Guess,Guess,Guess,Guess","GUFLBKP6STB","Black","3.70074E+12","","Flip Cover,Flip Cover,Flip Cover,Flip Cover,Flip Cover,Flip Cover,Flip Cover","Phone","Apple iPhone 6","3000","2400","","","","","Guess_Studded_Apple_iPhone_6_Black_1.jpeg,Guess_Studded_Apple_iPhone_6_Black_2.jpeg,Guess_Studded_Apple_iPhone_6_Black_3.jpeg,Guess_Studded_Apple_iPhone_6_Black_4.jpeg,Guess_Studded_Apple_iPhone_6_Black_5.jpeg,Guess_Studded_Apple_iPhone_6_Black_6.jpeg,Guess_Studded_Apple_iPhone_6_Black_7.jpeg","Cases & Protection,Cases & Protection,Cases & Protection,Cases & Protection,Cases & Protection,Cases & Protection,Cases & Protection","1",
"7","B&O Beoplay H2 Headphone - Feldspar Green","B&O,B&O,B&O,B&O,B&O,B&O,B&O,B&O,B&O,B&O,B&O,B&O,B&O,B&O,B&O,B&O,B&O,B&O,B&O,B&O,B&O,B&O,B&O,B&O,B&O,B&O,B&O,B&O","","Feldspar Green","5.70526E+12","","Stereo,On The Ear,Stereo,On The Ear,Stereo,Stereo,Stereo,On The Ear,On The Ear,On The Ear,Stereo,Stereo,Stereo,On The Ear,On The Ear,On The Ear,Stereo,Stereo,Stereo,On The Ear,On The Ear,On The Ear,Stereo,Stereo,Stereo,On The Ear,On The Ear,On The Ear","Apple Phones, Apple Ipods, Apple Ipads, Samsung Phones","","14990","","","","0000-00-00","0000-00-00","B&O_Beoplay_H2_Headphone_Feldspar_Green_5.jpeg,B&O_Beoplay_H2_Headphone_Feldspar_Green_1.jpeg,B&O_Beoplay_H2_Headphone_Feldspar_Green_7.jpeg,B&O_Beoplay_H2_Headphone_Feldspar_Green_5.jpeg,B&O_Beoplay_H2_Headphone_Feldspar_Green_3.jpeg,B&O_Beoplay_H2_Headphone_Feldspar_Green_1.jpeg,B&O_Beoplay_H2_Headphone_Feldspar_Green_5.jpeg,B&O_Beoplay_H2_Headphone_Feldspar_Green_3.jpeg,B&O_Beoplay_H2_Headphone_Feldspar_Green_1.jpeg,B&O_Beoplay_H2_Headphone_Feldspar_Green_6.jpeg,B&O_Beoplay_H2_Headphone_Feldspar_Green_3.jpeg,B&O_Beoplay_H2_Headphone_Feldspar_Green_1.jpeg,B&O_Beoplay_H2_Headphone_Feldspar_Green_6.jpeg,B&O_Beoplay_H2_Headphone_Feldspar_Green_4.jpeg,B&O_Beoplay_H2_Headphone_Feldspar_Green_2.jpeg,B&O_Beoplay_H2_Headphone_Feldspar_Green_6.jpeg,B&O_Beoplay_H2_Headphone_Feldspar_Green_4.jpeg,B&O_Beoplay_H2_Headphone_Feldspar_Green_2.jpeg,B&O_Beoplay_H2_Headphone_Feldspar_Green_6.jpeg,B&O_Beoplay_H2_Headphone_Feldspar_Green_4.jpeg,B&O_Beoplay_H2_Headphone_Feldspar_Green_2.jpeg,B&O_Beoplay_H2_Headphone_Feldspar_Gre","Headphones,Headphones,Earphones & Headphones,Earphones & Headphones,Headphones,Headphones,Earphones & Headphones,Earphones & Headphones,Earphones & Headphones,Headphones,Earphones & Headphones,Earphones & Headphones,Headphones,Headphones,Headphones,Earphones & Headphones,Headphones,Headphones,Earphones & Headphones,Earphones & Headphones,Earphones & Headphones,Headphones,Earphones & Headphones,Earphones & Headphones,Headphones,Headphones,Headphones,Earphones & Headphones","1",
"6","B&O Beoplay H2 Headphone - Carbon Blue","B&O,B&O,B&O,B&O,B&O,B&O,B&O,B&O,B&O,B&O,B&O,B&O,B&O,B&O,B&O,B&O,B&O,B&O,B&O,B&O,B&O,B&O,B&O,B&O,B&O,B&O,B&O,B&O","","Carbon Blue","5.70526E+12","","On The Ear,Stereo,On The Ear,Stereo,On The Ear,Stereo,On The Ear,Stereo,On The Ear,Stereo,On The Ear,Stereo,On The Ear,Stereo,On The Ear,Stereo,On The Ear,Stereo,On The Ear,Stereo,On The Ear,Stereo,On The Ear,Stereo,On The Ear,Stereo,On The Ear,Stereo","Phone","","14990","","","","0000-00-00","0000-00-00","B&O_Beoplay_H2_Headphone_Carbon_Blue_5.jpeg,B&O_Beoplay_H2_Headphone_Carbon_Blue_3.jpeg,B&O_Beoplay_H2_Headphone_Carbon_Blue_1.jpeg,B&O_Beoplay_H2_Headphone_Carbon_Blue_5.jpeg,B&O_Beoplay_H2_Headphone_Carbon_Blue_3.jpeg,B&O_Beoplay_H2_Headphone_Carbon_Blue_1.jpeg,B&O_Beoplay_H2_Headphone_Carbon_Blue_6.jpeg,B&O_Beoplay_H2_Headphone_Carbon_Blue_3.jpeg,B&O_Beoplay_H2_Headphone_Carbon_Blue_1.jpeg,B&O_Beoplay_H2_Headphone_Carbon_Blue_6.jpeg,B&O_Beoplay_H2_Headphone_Carbon_Blue_4.jpeg,B&O_Beoplay_H2_Headphone_Carbon_Blue_1.jpeg,B&O_Beoplay_H2_Headphone_Carbon_Blue_6.jpeg,B&O_Beoplay_H2_Headphone_Carbon_Blue_4.jpeg,B&O_Beoplay_H2_Headphone_Carbon_Blue_2.jpeg,B&O_Beoplay_H2_Headphone_Carbon_Blue_6.jpeg,B&O_Beoplay_H2_Headphone_Carbon_Blue_4.jpeg,B&O_Beoplay_H2_Headphone_Carbon_Blue_2.jpeg,B&O_Beoplay_H2_Headphone_Carbon_Blue_7.jpeg,B&O_Beoplay_H2_Headphone_Carbon_Blue_4.jpeg,B&O_Beoplay_H2_Headphone_Carbon_Blue_2.jpeg,B&O_Beoplay_H2_Headphone_Carbon_Blue_7.jpeg,B&O_Beoplay_H2_Headphone_Carbon_Blue_5.jpeg,B&O_Beoplay_","Earphones & Headphones,Headphones,Headphones,Earphones & Headphones,Earphones & Headphones,Headphones,Headphones,Earphones & Headphones,Earphones & Headphones,Headphones,Headphones,Earphones & Headphones,Earphones & Headphones,Headphones,Headphones,Earphones & Headphones,Earphones & Headphones,Headphones,Headphones,Earphones & Headphones,Earphones & Headphones,Headphones,Headphones,Earphones & Headphones,Earphones & Headphones,Headphones,Headphones,Earphones & Headphones","1",
"5","B&O Beoplay H6 Headphone - Black Golden","B&O,B&O,B&O,B&O,B&O,B&O,B&O,B&O,B&O,B&O,B&O,B&O,B&O,B&O,B&O,B&O,B&O,B&O,B&O,B&O,B&O,B&O,B&O,B&O,B&O,B&O,B&O,B&O","","Black Golden","5.70526E+12","","Stereo,Over The Ear,Stereo,Over The Ear,Stereo,Over The Ear,Stereo,Over The Ear,Stereo,Over The Ear,Stereo,Over The Ear,Stereo,Over The Ear,Stereo,Over The Ear,Stereo,Over The Ear,Stereo,Over The Ear,Stereo,Over The Ear,Stereo,Over The Ear,Stereo,Over The Ear,Stereo,Over The Ear","Phone","","34990","","","","0000-00-00","0000-00-00","B&O_Beoplay_H6_Headphone_Black_Golden_5.jpeg,B&O_Beoplay_H6_Headphone_Black_Golden_3.jpeg,B&O_Beoplay_H6_Headphone_Black_Golden_1.jpeg,B&O_Beoplay_H6_Headphone_Black_Golden_6.jpeg,B&O_Beoplay_H6_Headphone_Black_Golden_3.jpeg,B&O_Beoplay_H6_Headphone_Black_Golden_1.jpeg,B&O_Beoplay_H6_Headphone_Black_Golden_6.jpeg,B&O_Beoplay_H6_Headphone_Black_Golden_4.jpeg,B&O_Beoplay_H6_Headphone_Black_Golden_1.jpeg,B&O_Beoplay_H6_Headphone_Black_Golden_6.jpeg,B&O_Beoplay_H6_Headphone_Black_Golden_4.jpeg,B&O_Beoplay_H6_Headphone_Black_Golden_2.jpeg,B&O_Beoplay_H6_Headphone_Black_Golden_6.jpeg,B&O_Beoplay_H6_Headphone_Black_Golden_4.jpeg,B&O_Beoplay_H6_Headphone_Black_Golden_2.jpeg,B&O_Beoplay_H6_Headphone_Black_Golden_7.jpeg,B&O_Beoplay_H6_Headphone_Black_Golden_4.jpeg,B&O_Beoplay_H6_Headphone_Black_Golden_2.jpeg,B&O_Beoplay_H6_Headphone_Black_Golden_7.jpeg,B&O_Beoplay_H6_Headphone_Black_Golden_5.jpeg,B&O_Beoplay_H6_Headphone_Black_Golden_2.jpeg,B&O_Beoplay_H6_Headphone_Black_Golden_7.jpeg,B&O_Beoplay_H6_Headphone_Black_Gol","Earphones & Headphones,Earphones & Headphones,Headphones,Headphones,Earphones & Headphones,Earphones & Headphones,Headphones,Headphones,Earphones & Headphones,Earphones & Headphones,Headphones,Headphones,Earphones & Headphones,Earphones & Headphones,Headphones,Headphones,Earphones & Headphones,Earphones & Headphones,Headphones,Headphones,Earphones & Headphones,Earphones & Headphones,Headphones,Headphones,Earphones & Headphones,Earphones & Headphones,Headphones,Headphones","1",
"4","B&O Beoplay H6 Headphone - Natural","B&O,B&O,B&O,B&O,B&O,B&O,B&O,B&O,B&O,B&O,B&O,B&O,B&O,B&O,B&O,B&O,B&O,B&O,B&O,B&O,B&O,B&O,B&O,B&O,B&O,B&O,B&O,B&O","","Natural","5.70526E+12","","Stereo,Over The Ear,Over The Ear,Over The Ear,Stereo,Stereo,Stereo,Over The Ear,Over The Ear,Over The Ear,Stereo,Stereo,Stereo,Over The Ear,Over The Ear,Over The Ear,Stereo,Stereo,Stereo,Over The Ear,Over The Ear,Over The Ear,Stereo,Stereo,Over The Ear,Stereo,Over The Ear,Stereo","Phone","","34990","","","","0000-00-00","0000-00-00","B&O_Beoplay_H6_Headphone_Natural_3.jpeg,B&O_Beoplay_H6_Headphone_Natural_1.jpeg,B&O_Beoplay_H6_Headphone_Natural_6.jpeg,B&O_Beoplay_H6_Headphone_Natural_4.jpeg,B&O_Beoplay_H6_Headphone_Natural_1.jpeg,B&O_Beoplay_H6_Headphone_Natural_6.jpeg,B&O_Beoplay_H6_Headphone_Natural_4.jpeg,B&O_Beoplay_H6_Headphone_Natural_2.jpeg,B&O_Beoplay_H6_Headphone_Natural_6.jpeg,B&O_Beoplay_H6_Headphone_Natural_4.jpeg,B&O_Beoplay_H6_Headphone_Natural_2.jpeg,B&O_Beoplay_H6_Headphone_Natural_6.jpeg,B&O_Beoplay_H6_Headphone_Natural_4.jpeg,B&O_Beoplay_H6_Headphone_Natural_2.jpeg,B&O_Beoplay_H6_Headphone_Natural_7.jpeg,B&O_Beoplay_H6_Headphone_Natural_5.jpeg,B&O_Beoplay_H6_Headphone_Natural_2.jpeg,B&O_Beoplay_H6_Headphone_Natural_7.jpeg,B&O_Beoplay_H6_Headphone_Natural_5.jpeg,B&O_Beoplay_H6_Headphone_Natural_3.jpeg,B&O_Beoplay_H6_Headphone_Natural_7.jpeg,B&O_Beoplay_H6_Headphone_Natural_5.jpeg,B&O_Beoplay_H6_Headphone_Natural_3.jpeg,B&O_Beoplay_H6_Headphone_Natural_7.jpeg,B&O_Beoplay_H6_Headphone_Natural_1.jpeg,B&O_Beoplay_H6_Headphone","Earphones & Headphones,Earphones & Headphones,Headphones,Headphones,Earphones & Headphones,Headphones,Headphones,Headphones,Earphones & Headphones,Earphones & Headphones,Headphones,Earphones & Headphones,Earphones & Headphones,Earphones & Headphones,Headphones,Headphones,Earphones & Headphones,Headphones,Headphones,Headphones,Earphones & Headphones,Earphones & Headphones,Headphones,Earphones & Headphones,Headphones,Earphones & Headphones,Earphones & Headphones,Headphones","1",
"3","B&O Beoplay H6 Headphone - Black","B&O,B&O,B&O,B&O,B&O,B&O,B&O,B&O,B&O,B&O,B&O,B&O,B&O,B&O,B&O,B&O,B&O,B&O,B&O,B&O,B&O,B&O,B&O,B&O,B&O,B&O,B&O,B&O,B&O,B&O,B&O,B&O,B&O,B&O,B&O,B&O,B&O,B&O,B&O,B&O,B&O,B&O","","Black","5.70526E+12","","Stereo,Stereo,Stereo,Noice Cancelling,Noice Cancelling,Noice Cancelling,Noice Cancelling,On The Ear,On The Ear,On The Ear,On The Ear,On The Ear,Stereo,Stereo,Stereo,Stereo,Stereo,Noice Cancelling,Noice Cancelling,Noice Cancelling,Noice Cancelling,Noice Cancelling,On The Ear,On The Ear,On The Ear,On The Ear,On The Ear,Stereo,Stereo,Stereo,Stereo,Stereo,Noice Cancelling,Noice Cancelling,Noice Cancelling,Noice Cancelling,Noice Cancelling,On The Ear,On The Ear,On The Ear,On The Ear,Stereo","Phone","","34990","","","","0000-00-00","0000-00-00","B&O_Beoplay_H6_Headphone_Black_5.jpeg,B&O_Beoplay_H6_Headphone_Black_3.jpeg,B&O_Beoplay_H6_Headphone_Black_2.jpeg,B&O_Beoplay_H6_Headphone_Black_6.jpeg,B&O_Beoplay_H6_Headphone_Black_5.jpeg,B&O_Beoplay_H6_Headphone_Black_3.jpeg,B&O_Beoplay_H6_Headphone_Black_2.jpeg,B&O_Beoplay_H6_Headphone_Black_7.jpeg,B&O_Beoplay_H6_Headphone_Black_5.jpeg,B&O_Beoplay_H6_Headphone_Black_4.jpeg,B&O_Beoplay_H6_Headphone_Black_2.jpeg,download.jpg,B&O_Beoplay_H6_Headphone_Black_7.jpeg,B&O_Beoplay_H6_Headphone_Black_5.jpeg,B&O_Beoplay_H6_Headphone_Black_4.jpeg,B&O_Beoplay_H6_Headphone_Black_2.jpeg,download.jpg,B&O_Beoplay_H6_Headphone_Black_7.jpeg,B&O_Beoplay_H6_Headphone_Black_5.jpeg,B&O_Beoplay_H6_Headphone_Black_4.jpeg,B&O_Beoplay_H6_Headphone_Black_2.jpeg,download.jpg,B&O_Beoplay_H6_Headphone_Black_7.jpeg,B&O_Beoplay_H6_Headphone_Black_6.jpeg,B&O_Beoplay_H6_Headphone_Black_4.jpeg,B&O_Beoplay_H6_Headphone_Black_3.jpeg,download.jpg,B&O_Beoplay_H6_Headphone_Black_7.jpeg,B&O_Beoplay_H6_Headphone_Black_6.jpeg,B&O_Beoplay_H6_Headpho","Headphones,Earphones & Headphones,Headphones,Earphones & Headphones,Headphones,Earphones & Headphones,Headphones,Headphones,Earphones & Headphones,Headphones,Earphones & Headphones,Headphones,Headphones,Earphones & Headphones,Headphones,Earphones & Headphones,Headphones,Headphones,Earphones & Headphones,Headphones,Earphones & Headphones,Headphones,Earphones & Headphones,Headphones,Earphones & Headphones,Headphones,Earphones & Headphones,Earphones & Headphones,Headphones,Earphones & Headphones,Headphones,Earphones & Headphones,Earphones & Headphones,Headphones,Earphones & Headphones,Headphones,Earphones & Headphones,Earphones & Headphones,Headphones,Earphones & Headphones,Headphones,Earphones & Headphones","1",
"2","B&O Beoplay H8 Wireless Headphone - Argilla Bright","B&O,B&O,B&O,B&O,B&O,B&O,B&O,B&O,B&O,B&O,B&O,B&O,B&O,B&O,B&O,B&O,B&O,B&O,B&O,B&O,B&O,B&O,B&O,B&O,B&O,B&O,B&O,B&O,B&O,B&O,B&O,B&O,B&O,B&O,B&O,B&O,B&O,B&O,B&O,B&O,B&O,B&O","","Argilla Bright","5.70526E+12","","On The Ear,On The Ear,Stereo,Stereo,Stereo,Stereo,Stereo,Noice Cancelling,Noice Cancelling,Noice Cancelling,Noice Cancelling,Noice Cancelling,On The Ear,On The Ear,On The Ear,On The Ear,Stereo,Stereo,Stereo,Stereo,Noice Cancelling,Noice Cancelling,Noice Cancelling,Noice Cancelling,On The Ear,On The Ear,On The Ear,On The Ear,On The Ear,Stereo,Stereo,Stereo,Stereo,Stereo,Noice Cancelling,Noice Cancelling,Noice Cancelling,Noice Cancelling,Noice Cancelling,On The Ear,On The Ear,On The Ear","Phone","","39990","","","","0000-00-00","0000-00-00","B&O_Beoplay_H8_Wireless_Headphone_Argilla_Bright_3.jpeg,B&O_Beoplay_H8_Wireless_Headphone_Argilla_Bright_1.jpeg,B&O_Beoplay_H8_Wireless_Headphone_Argilla_Bright_7.jpeg,B&O_Beoplay_H8_Wireless_Headphone_Argilla_Bright_6.jpeg,B&O_Beoplay_H8_Wireless_Headphone_Argilla_Bright_4.jpeg,B&O_Beoplay_H8_Wireless_Headphone_Argilla_Bright_3.jpeg,B&O_Beoplay_H8_Wireless_Headphone_Argilla_Bright_1.jpeg,B&O_Beoplay_H8_Wireless_Headphone_Argilla_Bright_7.jpeg,B&O_Beoplay_H8_Wireless_Headphone_Argilla_Bright_6.jpeg,B&O_Beoplay_H8_Wireless_Headphone_Argilla_Bright_4.jpeg,B&O_Beoplay_H8_Wireless_Headphone_Argilla_Bright_3.jpeg,B&O_Beoplay_H8_Wireless_Headphone_Argilla_Bright_1.jpeg,B&O_Beoplay_H8_Wireless_Headphone_Argilla_Bright_6.jpeg,B&O_Beoplay_H8_Wireless_Headphone_Argilla_Bright_5.jpeg,B&O_Beoplay_H8_Wireless_Headphone_Argilla_Bright_3.jpeg,B&O_Beoplay_H8_Wireless_Headphone_Argilla_Bright_2.jpeg,B&O_Beoplay_H8_Wireless_Headphone_Argilla_Bright_6.jpeg,B&O_Beoplay_H8_Wireless_Headphone_Argilla_Bright_5.jpeg,B&O_Beoplay_H8_W","Wireless Headphones,Earphones & Headphones,Earphones & Headphones,Wireless Headphones,Earphones & Headphones,Wireless Headphones,Earphones & Headphones,Earphones & Headphones,Wireless Headphones,Earphones & Headphones,Wireless Headphones,Earphones & Headphones,Earphones & Headphones,Wireless Headphones,Earphones & Headphones,Wireless Headphones,Earphones & Headphones,Wireless Headphones,Earphones & Headphones,Wireless Headphones,Earphones & Headphones,Wireless Headphones,Earphones & Headphones,Wireless Headphones,Wireless Headphones,Earphones & Headphones,Wireless Headphones,Earphones & Headphones,Wireless Headphones,Wireless Headphones,Earphones & Headphones,Wireless Headphones,Earphones & Headphones,Wireless Headphones,Wireless Headphones,Earphones & Headphones,Wireless Headphones,Earphones & Headphones,Wireless Headphones,Earphones & Headphones,Wireless Headphones,Earphones & Headphones","1",
"1","B&O Beoplay H8 Wireless Headphone - Gray Hazel","B&O,B&O,B&O,B&O,B&O,B&O,B&O,B&O,B&O,B&O,B&O,B&O,B&O,B&O,B&O,B&O,B&O,B&O,B&O,B&O,B&O,B&O,B&O,B&O,B&O,B&O,B&O,B&O,B&O,B&O,B&O,B&O,B&O,B&O,B&O,B&O,B&O,B&O,B&O,B&O,B&O,B&O","","Gray Hazel","5.70526E+12","","On The Ear,On The Ear,On The Ear,On The Ear,On The Ear,Stereo,Stereo,Stereo,Stereo,Stereo,Noice Cancelling,Noice Cancelling,Noice Cancelling,Noice Cancelling,Noice Cancelling,On The Ear,On The Ear,On The Ear,On The Ear,On The Ear,Stereo,Stereo,Stereo,Stereo,Stereo,Noice Cancelling,Noice Cancelling,Noice Cancelling,Noice Cancelling,Noice Cancelling,On The Ear,On The Ear,On The Ear,On The Ear,Stereo,Stereo,Stereo,Stereo,Noice Cancelling,Noice Cancelling,Noice Cancelling,Noice Cancelling","Phone","","39990","","","","0000-00-00","0000-00-00","B&O_Beoplay_H8_Wireless_Headphone_Gray_Hazel_7.jpeg,B&O_Beoplay_H8_Wireless_Headphone_Gray_Hazel_5.jpeg,B&O_Beoplay_H8_Wireless_Headphone_Gray_Hazel_4.jpeg,B&O_Beoplay_H8_Wireless_Headphone_Gray_Hazel_2.jpeg,B&O_Beoplay_H8_Wireless_Headphone_Gray_Hazel_1.jpeg,B&O_Beoplay_H8_Wireless_Headphone_Gray_Hazel_7.jpeg,B&O_Beoplay_H8_Wireless_Headphone_Gray_Hazel_5.jpeg,B&O_Beoplay_H8_Wireless_Headphone_Gray_Hazel_4.jpeg,B&O_Beoplay_H8_Wireless_Headphone_Gray_Hazel_2.jpeg,B&O_Beoplay_H8_Wireless_Headphone_Gray_Hazel_1.jpeg,B&O_Beoplay_H8_Wireless_Headphone_Gray_Hazel_7.jpeg,B&O_Beoplay_H8_Wireless_Headphone_Gray_Hazel_5.jpeg,B&O_Beoplay_H8_Wireless_Headphone_Gray_Hazel_4.jpeg,B&O_Beoplay_H8_Wireless_Headphone_Gray_Hazel_2.jpeg,B&O_Beoplay_H8_Wireless_Headphone_Gray_Hazel_1.jpeg,B&O_Beoplay_H8_Wireless_Headphone_Gray_Hazel_7.jpeg,B&O_Beoplay_H8_Wireless_Headphone_Gray_Hazel_6.jpeg,B&O_Beoplay_H8_Wireless_Headphone_Gray_Hazel_4.jpeg,B&O_Beoplay_H8_Wireless_Headphone_Gray_Hazel_3.jpeg,B&O_Beoplay_H8_Wireless_Headphone_Gr","Wireless Headphones,Earphones & Headphones,Wireless Headphones,Earphones & Headphones,Wireless Headphones,Wireless Headphones,Earphones & Headphones,Wireless Headphones,Earphones & Headphones,Wireless Headphones,Wireless Headphones,Earphones & Headphones,Wireless Headphones,Earphones & Headphones,Wireless Headphones,Earphones & Headphones,Wireless Headphones,Earphones & Headphones,Wireless Headphones,Earphones & Headphones,Earphones & Headphones,Wireless Headphones,Earphones & Headphones,Wireless Headphones,Earphones & Headphones,Earphones & Headphones,Wireless Headphones,Earphones & Headphones,Wireless Headphones,Earphones & Headphones,Earphones & Headphones,Wireless Headphones,Earphones & Headphones,Wireless Headphones,Earphones & Headphones,Wireless Headphones,Earphones & Headphones,Wireless Headphones,Earphones & Headphones,Wireless Headphones,Earphones & Headphones,Wireless Headphones","1",
