Name,EAN/UPC,Brand,Model Type,Model Number,Category,Sub-Category,Brand Color,Color,Compatible Device,Compatible With,Type (Name),Type,Material,Finish,Warranty,Warranty Summary,Description,Image1,Image2,Image3,Image4,Image5,Image6,Image7,Video URL,Sales Package,Quantity,Tax,Price,Wholesale Price,Firstsale Price,Special Price From,Special Price To,Height,Depth,Weight,Meta Title,Meta Description,Meta Keyword,Key Features
Bling My Thing Milkyway Back Case For Apple iPhone 6 - Crystal,4897017141767,Bling My Thing,Milkyway,IP6MWCLCRY,Cases & Protection,Apple,Crystal,Clear,Phone,Apple iPhone 6,Back Case,"Back Case, Hard Case",Leather Finish,,No Warranty,,,Bling_My_Thing_Milkyway_Apple_iPhone_6_Crystal_1.jpeg,Bling_My_Thing_Milkyway_Apple_iPhone_6_Crystal_2.jpeg,Bling_My_Thing_Milkyway_Apple_iPhone_6_Crystal_3.jpeg,Bling_My_Thing_Milkyway_Apple_iPhone_6_Crystal_4.jpeg,Bling_My_Thing_Milkyway_Apple_iPhone_6_Crystal_5.jpeg,Bling_My_Thing_Milkyway_Apple_iPhone_6_Crystal_6.jpeg,Bling_My_Thing_Milkyway_Apple_iPhone_6_Crystal_7.jpeg,www.youtube.com,1,1,12.5,4000,,,,,,,,Seo title,Seo Description,Seo Kewword,"key feature1,keyfeature2,"
Incipio NGP Back Case For Apple iPhone 6 - Frosted,4897017141767,Incipio,NGP,IPH1181FRST,Cases & Protection,Apple,Frosted,White,Phone,Apple iPhone 6,Back Case,"Back Case,Soft Case",Silicon,,No Warranty,,,Incipio_NGP_Apple_iPhone_6_Frosted_1.jpeg,Incipio_NGP_Apple_iPhone_6_Frosted_2.jpeg,Incipio_NGP_Apple_iPhone_6_Frosted_3.jpeg,Incipio_NGP_Apple_iPhone_6_Frosted_4.jpeg,Incipio_NGP_Apple_iPhone_6_Frosted_5.jpeg,Incipio_NGP_Apple_iPhone_6_Frosted_6.jpeg,Incipio_NGP_Apple_iPhone_6_Frosted_7.jpeg,www.youtube.com,1,1,12.5,,,,,,,,,,,,
Essentials 0.1MM Glass Screenguard For Apple iPhone 6 - Clear,4897017141767,Essentials,0.1MM,,Cases & Protection,Apple,Clear,Clear,Phone,Apple iPhone 6,Glass Screenguard,Glass Screenguard,Tempered Glass,Glossy,No Warranty,,Glassscreen Guard that will protect your phone ,Essentials_0.1MM_Apple_iPhone_6_Clear_1.jpeg,Essentials_0.1MM_Apple_iPhone_6_Clear_2.jpeg,Essentials_0.1MM_Apple_iPhone_6_Clear_3.jpeg,Essentials_0.1MM_Apple_iPhone_6_Clear_4.jpeg,Essentials_0.1MM_Apple_iPhone_6_Clear_5.jpeg,Essentials_0.1MM_Apple_iPhone_6_Clear_6.jpeg,Essentials_0.1MM_Apple_iPhone_6_Clear_7.jpeg,www.youtube.com,1,1,5,,,,,,,,,,,,
Essentials 0.1MM Glass Screenguard For Apple iPhone 6 Plus - AntiBlue,4897017141767,Essentials,0.1MM,,Cases & Protection,Apple,AntiBlue,AntiBlue,Phone,Apple iPhone 6 Plus,Glass Screenguard,Glass Screenguard,Tempered Glass,Glossy,No Warranty,,Glassscreen Guard that will protect your phone ,Essentials_0.1MM_Apple_iPhone_6_Plus_AntiBlue_1.jpeg,Essentials_0.1MM_Apple_iPhone_6_Plus_AntiBlue_2.jpeg,Essentials_0.1MM_Apple_iPhone_6_Plus_AntiBlue_3.jpeg,Essentials_0.1MM_Apple_iPhone_6_Plus_AntiBlue_4.jpeg,Essentials_0.1MM_Apple_iPhone_6_Plus_AntiBlue_5.jpeg,Essentials_0.1MM_Apple_iPhone_6_Plus_AntiBlue_6.jpeg,Essentials_0.1MM_Apple_iPhone_6_Plus_AntiBlue_7.jpeg,www.youtube.com,1,1,5,,,,,,,,,,,,
Switcheasy 0.35 Back Case For Apple iphone 6S - Pink,4897017141767,Switcheasy,0.35,AP-21-126-18,Cases & Protection,Apple,Pink,Pink,Phone,Apple iphone 6S,Back Case,"Back Case, Hard Case",Thermoplastic Polymer,Matte,No Warranty,,"Made from PP, an extremely flexible and scratch resistant thermoplastic polymer

Lives up to its name: just 0.35mm thick!

Weighs just 4g!

Available in 5 vibrant colors",Switcheasy_0.35_Apple_iphone_6S_Pink_1.jpeg,Switcheasy_0.35_Apple_iphone_6S_Pink_2.jpeg,Switcheasy_0.35_Apple_iphone_6S_Pink_3.jpeg,Switcheasy_0.35_Apple_iphone_6S_Pink_4.jpeg,Switcheasy_0.35_Apple_iphone_6S_Pink_5.jpeg,Switcheasy_0.35_Apple_iphone_6S_Pink_6.jpeg,Switcheasy_0.35_Apple_iphone_6S_Pink_7.jpeg,,1,1,12.5,850,680,,,,,,,,,,
Switcheasy 0.35 Back Case For Apple iphone 6S - Frost White,4897017141767,Switcheasy,0.35,AP-21-126-12,Cases & Protection,Apple,Frost White,White,Phone,Apple iphone 6S,Back Case,"Back Case, Hard Case",Thermoplastic Polymer,Matte,No Warranty,,"Made from PP, an extremely flexible and scratch resistant thermoplastic polymer

Lives up to its name: just 0.35mm thick!

Weighs just 4g!

Available in 5 vibrant colors",Switcheasy_0.35_Apple_iphone_6S_Frost_White_1.jpeg,Switcheasy_0.35_Apple_iphone_6S_Frost_White_2.jpeg,Switcheasy_0.35_Apple_iphone_6S_Frost_White_3.jpeg,Switcheasy_0.35_Apple_iphone_6S_Frost_White_4.jpeg,Switcheasy_0.35_Apple_iphone_6S_Frost_White_5.jpeg,Switcheasy_0.35_Apple_iphone_6S_Frost_White_6.jpeg,Switcheasy_0.35_Apple_iphone_6S_Frost_White_7.jpeg,,1,1,12.5,850,680,,,,,,,,,,
Switcheasy 0.35 Back Case For Apple iphone 6S - Blue,4897017141767,Switcheasy,0.35,AP-21-126-13,Cases & Protection,Apple,Blue,Blue,Phone,Apple iphone 6S,Back Case,"Back Case, Hard Case",Thermoplastic Polymer,Matte,No Warranty,,"Made from PP, an extremely flexible and scratch resistant thermoplastic polymer

Lives up to its name: just 0.35mm thick!

Weighs just 4g!

Available in 5 vibrant colors",Switcheasy_0.35_Apple_iphone_6S_Blue_1.jpeg,Switcheasy_0.35_Apple_iphone_6S_Blue_2.jpeg,Switcheasy_0.35_Apple_iphone_6S_Blue_3.jpeg,Switcheasy_0.35_Apple_iphone_6S_Blue_4.jpeg,Switcheasy_0.35_Apple_iphone_6S_Blue_5.jpeg,Switcheasy_0.35_Apple_iphone_6S_Blue_6.jpeg,Switcheasy_0.35_Apple_iphone_6S_Blue_7.jpeg,,1,1,12.5,850,680,,,,,,,,,,
Switcheasy 0.35 Back Case For Apple iphone 6S - Yellow,4897017141767,Switcheasy,0.35,AP-21-126-22,Cases & Protection,Apple,Yellow,Yellow,Phone,Apple iphone 6S,Back Case,"Back Case, Hard Case",Thermoplastic Polymer,Matte,No Warranty,,"Made from PP, an extremely flexible and scratch resistant thermoplastic polymer

Lives up to its name: just 0.35mm thick!

Weighs just 4g!

Available in 5 vibrant colors",Switcheasy_0.35_Apple_iphone_6S_Yellow_1.jpeg,Switcheasy_0.35_Apple_iphone_6S_Yellow_2.jpeg,Switcheasy_0.35_Apple_iphone_6S_Yellow_3.jpeg,Switcheasy_0.35_Apple_iphone_6S_Yellow_4.jpeg,Switcheasy_0.35_Apple_iphone_6S_Yellow_5.jpeg,Switcheasy_0.35_Apple_iphone_6S_Yellow_6.jpeg,Switcheasy_0.35_Apple_iphone_6S_Yellow_7.jpeg,,1,1,12.5,850,680,,,,,,,,,,
Switcheasy 0.35 Back Case For Apple iphone 6S - Stealth Black,4897017141767,Switcheasy,0.35,AP-21-126-11,Cases & Protection,Apple,Stealth Black,Black,Phone,Apple iphone 6S,Back Case,"Back Case, Hard Case",Thermoplastic Polymer,Matte,No Warranty,,"Made from PP, an extremely flexible and scratch resistant thermoplastic polymer

Lives up to its name: just 0.35mm thick!

Weighs just 4g!

Available in 5 vibrant colors",Switcheasy_0.35_Apple_iphone_6S_Stealth_Black_1.jpeg,Switcheasy_0.35_Apple_iphone_6S_Stealth_Black_2.jpeg,Switcheasy_0.35_Apple_iphone_6S_Stealth_Black_3.jpeg,Switcheasy_0.35_Apple_iphone_6S_Stealth_Black_4.jpeg,Switcheasy_0.35_Apple_iphone_6S_Stealth_Black_5.jpeg,Switcheasy_0.35_Apple_iphone_6S_Stealth_Black_6.jpeg,Switcheasy_0.35_Apple_iphone_6S_Stealth_Black_7.jpeg,,1,1,12.5,850,680,,,,,,,,,,
Switcheasy 0.35 Back Case For Apple iphone 6S Plus - Pink,4897017141767,Switcheasy,0.35,AP-22-126-18,Cases & Protection,Apple,Pink,Pink,Phone,Apple iphone 6S Plus,Back Case,"Back Case, Hard Case",Thermoplastic Polymer,Matte,No Warranty,,"Made from PP, an extremely flexible and scratch resistant thermoplastic polymer

Lives up to its name: just 0.35mm thick!

Weighs just 4g!

Available in 5 vibrant colors",Switcheasy_0.35_Apple_iphone_6S_Plus_Pink_1.jpeg,Switcheasy_0.35_Apple_iphone_6S_Plus_Pink_2.jpeg,Switcheasy_0.35_Apple_iphone_6S_Plus_Pink_3.jpeg,Switcheasy_0.35_Apple_iphone_6S_Plus_Pink_4.jpeg,Switcheasy_0.35_Apple_iphone_6S_Plus_Pink_5.jpeg,Switcheasy_0.35_Apple_iphone_6S_Plus_Pink_6.jpeg,Switcheasy_0.35_Apple_iphone_6S_Plus_Pink_7.jpeg,,1,1,12.5,1000,800,,,,,,,,,,
Switcheasy 0.35 Back Case For Apple iphone 6S Plus - Frost White,4897017141767,Switcheasy,0.35,AP-22-126-12,Cases & Protection,Apple,Frost White,White,Phone,Apple iphone 6S Plus,Back Case,"Back Case, Hard Case",Thermoplastic Polymer,Matte,No Warranty,,"Made from PP, an extremely flexible and scratch resistant thermoplastic polymer

Lives up to its name: just 0.35mm thick!

Weighs just 4g!

Available in 5 vibrant colors",Switcheasy_0.35_Apple_iphone_6S_Plus_Frost_White_1.jpeg,Switcheasy_0.35_Apple_iphone_6S_Plus_Frost_White_2.jpeg,Switcheasy_0.35_Apple_iphone_6S_Plus_Frost_White_3.jpeg,Switcheasy_0.35_Apple_iphone_6S_Plus_Frost_White_4.jpeg,Switcheasy_0.35_Apple_iphone_6S_Plus_Frost_White_5.jpeg,Switcheasy_0.35_Apple_iphone_6S_Plus_Frost_White_6.jpeg,Switcheasy_0.35_Apple_iphone_6S_Plus_Frost_White_7.jpeg,,1,1,12.5,1000,800,,,,,,,,,,
Switcheasy 0.35 Back Case For Apple iphone 6S Plus - Blue,4897017141767,Switcheasy,0.35,AP-22-126-13,Cases & Protection,Apple,Blue,Blue,Phone,Apple iphone 6S Plus,Back Case,"Back Case, Hard Case",Thermoplastic Polymer,Matte,No Warranty,,"Made from PP, an extremely flexible and scratch resistant thermoplastic polymer

Lives up to its name: just 0.35mm thick!

Weighs just 4g!

Available in 5 vibrant colors",Switcheasy_0.35_Apple_iphone_6S_Plus_Blue_1.jpeg,Switcheasy_0.35_Apple_iphone_6S_Plus_Blue_2.jpeg,Switcheasy_0.35_Apple_iphone_6S_Plus_Blue_3.jpeg,Switcheasy_0.35_Apple_iphone_6S_Plus_Blue_4.jpeg,Switcheasy_0.35_Apple_iphone_6S_Plus_Blue_5.jpeg,Switcheasy_0.35_Apple_iphone_6S_Plus_Blue_6.jpeg,Switcheasy_0.35_Apple_iphone_6S_Plus_Blue_7.jpeg,,1,1,12.5,1000,800,,,,,,,,,,
Switcheasy 0.35 Back Case For Apple iphone 6S Plus - Yellow,4897017141767,Switcheasy,0.35,AP-22-126-22,Cases & Protection,Apple,Yellow,Yellow,Phone,Apple iphone 6S Plus,Back Case,"Back Case, Hard Case",Thermoplastic Polymer,Matte,No Warranty,,"Made from PP, an extremely flexible and scratch resistant thermoplastic polymer

Lives up to its name: just 0.35mm thick!

Weighs just 4g!

Available in 5 vibrant colors",Switcheasy_0.35_Apple_iphone_6S_Plus_Yellow_1.jpeg,Switcheasy_0.35_Apple_iphone_6S_Plus_Yellow_2.jpeg,Switcheasy_0.35_Apple_iphone_6S_Plus_Yellow_3.jpeg,Switcheasy_0.35_Apple_iphone_6S_Plus_Yellow_4.jpeg,Switcheasy_0.35_Apple_iphone_6S_Plus_Yellow_5.jpeg,Switcheasy_0.35_Apple_iphone_6S_Plus_Yellow_6.jpeg,Switcheasy_0.35_Apple_iphone_6S_Plus_Yellow_7.jpeg,,1,1,12.5,1000,800,,,,,,,,,,
Switcheasy 0.35 Back Case For Apple iphone 6S Plus - Stealth Black,4897017141767,Switcheasy,0.35,AP-22-126-11,Cases & Protection,Apple,Stealth Black,Black,Phone,Apple iphone 6S Plus,Back Case,"Back Case, Hard Case",Thermoplastic Polymer,Matte,No Warranty,,"Made from PP, an extremely flexible and scratch resistant thermoplastic polymer

Lives up to its name: just 0.35mm thick!

Weighs just 4g!

Available in 5 vibrant colors",Switcheasy_0.35_Apple_iphone_6S_Plus_Stealth_Black_1.jpeg,Switcheasy_0.35_Apple_iphone_6S_Plus_Stealth_Black_2.jpeg,Switcheasy_0.35_Apple_iphone_6S_Plus_Stealth_Black_3.jpeg,Switcheasy_0.35_Apple_iphone_6S_Plus_Stealth_Black_4.jpeg,Switcheasy_0.35_Apple_iphone_6S_Plus_Stealth_Black_5.jpeg,Switcheasy_0.35_Apple_iphone_6S_Plus_Stealth_Black_6.jpeg,Switcheasy_0.35_Apple_iphone_6S_Plus_Stealth_Black_7.jpeg,,1,1,12.5,1000,800,,,,,,,,,,
