Name,EAN/UPC,Brand,Model Type,Model Number,Category,Sub-Category,Brand Color,Color,Compatible Device,Type (Name),Type,Microphone,Warranty,Warranty Summary,Description,Image1,Image2,Image3,Image4,Image5,Image6,Image7,Video URL,Sales Package,Quantity,Tax,Price,Wholesale Price,Firstsale Price,Special Price From,Special Price To,Height,Depth,Weight,Meta Title,Meta Description,Meta Keyword,Key Features
B&O Beoplay H8 Wireless Headphone - Gray Hazel,5.70526E+12,B&O,Beoplay H8 Wireless,,Earphones & Headphones,Wireless Headphones,Gray Hazel,Black,Phone,Headphone,"On The Ear, Stereo, Noice Cancelling",With Microphone,2 Years Warranty,,"Premium wireless, active noise cancellation on-ear headphone. Up to 14 hours with Bluetooth and ANC and up to 16 hours with Bluetooth.",B&O_Beoplay_H8_Wireless_Headphone_Gray_Hazel_1.jpeg,B&O_Beoplay_H8_Wireless_Headphone_Gray_Hazel_2.jpeg,B&O_Beoplay_H8_Wireless_Headphone_Gray_Hazel_3.jpeg,B&O_Beoplay_H8_Wireless_Headphone_Gray_Hazel_4.jpeg,B&O_Beoplay_H8_Wireless_Headphone_Gray_Hazel_5.jpeg,B&O_Beoplay_H8_Wireless_Headphone_Gray_Hazel_6.jpeg,B&O_Beoplay_H8_Wireless_Headphone_Gray_Hazel_7.jpeg,,1,1,5,39990,,,,,,,,,,,
B&O Beoplay H8 Wireless Headphone - Argilla Bright,5.70526E+12,B&O,Beoplay H8 Wireless,,Earphones & Headphones,Wireless Headphones,Argilla Bright,Cream,Phone,Headphone,"On The Ear, Stereo, Noice Cancelling",With Microphone,2 Years Warranty,,"Premium wireless, active noise cancellation on-ear headphone. Up to 14 hours with Bluetooth and ANC and up to 16 hours with Bluetooth.",B&O_Beoplay_H8_Wireless_Headphone_Argilla_Bright_1.jpeg,B&O_Beoplay_H8_Wireless_Headphone_Argilla_Bright_2.jpeg,B&O_Beoplay_H8_Wireless_Headphone_Argilla_Bright_3.jpeg,B&O_Beoplay_H8_Wireless_Headphone_Argilla_Bright_4.jpeg,B&O_Beoplay_H8_Wireless_Headphone_Argilla_Bright_5.jpeg,B&O_Beoplay_H8_Wireless_Headphone_Argilla_Bright_6.jpeg,B&O_Beoplay_H8_Wireless_Headphone_Argilla_Bright_7.jpeg,,1,1,5,39990,,,,,,,,,,,
B&O Beoplay H6 Headphone - Black,5.70526E+12,B&O,Beoplay H6,,Earphones & Headphones,Headphones,Black,Black,Phone,Headphone,"On The Ear, Stereo, Noice Cancelling",With Microphone,2 Years Warranty,,Authentic and well-balanced sound experience from elegant over-ear headphone.,B&O_Beoplay_H6_Headphone_Black_1.jpeg,B&O_Beoplay_H6_Headphone_Black_2.jpeg,B&O_Beoplay_H6_Headphone_Black_3.jpeg,B&O_Beoplay_H6_Headphone_Black_4.jpeg,B&O_Beoplay_H6_Headphone_Black_5.jpeg,B&O_Beoplay_H6_Headphone_Black_6.jpeg,B&O_Beoplay_H6_Headphone_Black_7.jpeg,,1,1,5,34990,,,,,,,,,,,
B&O Beoplay H6 Headphone - Natural,5.70526E+12,B&O,Beoplay H6,,Earphones & Headphones,Headphones,Natural,Brown,Phone,Headphone,"Over The Ear, Stereo",With Microphone,2 Years Warranty,,Authentic and well-balanced sound experience from elegant over-ear headphone.,B&O_Beoplay_H6_Headphone_Natural_1.jpeg,B&O_Beoplay_H6_Headphone_Natural_2.jpeg,B&O_Beoplay_H6_Headphone_Natural_3.jpeg,B&O_Beoplay_H6_Headphone_Natural_4.jpeg,B&O_Beoplay_H6_Headphone_Natural_5.jpeg,B&O_Beoplay_H6_Headphone_Natural_6.jpeg,B&O_Beoplay_H6_Headphone_Natural_7.jpeg,,1,1,5,34990,,,,,,,,,,,
B&O Beoplay H6 Headphone - Black Golden,5.70526E+12,B&O,Beoplay H6,,Earphones & Headphones,Headphones,Black Golden,Black,Phone,Headphone,"Over The Ear, Stereo",With Microphone,2 Years Warranty,,Authentic and well-balanced sound experience from elegant over-ear headphone.,B&O_Beoplay_H6_Headphone_Black_Golden_1.jpeg,B&O_Beoplay_H6_Headphone_Black_Golden_2.jpeg,B&O_Beoplay_H6_Headphone_Black_Golden_3.jpeg,B&O_Beoplay_H6_Headphone_Black_Golden_4.jpeg,B&O_Beoplay_H6_Headphone_Black_Golden_5.jpeg,B&O_Beoplay_H6_Headphone_Black_Golden_6.jpeg,B&O_Beoplay_H6_Headphone_Black_Golden_7.jpeg,,1,1,5,34990,,,,,,,,,,,
B&O Beoplay H2 Headphone - Carbon Blue,5.70526E+12,B&O,Beoplay H2,,Earphones & Headphones,Headphones,Carbon Blue,Blue,Phone,Headphone,"On The Ear, Stereo",With Microphone,2 Years Warranty,,"Flexible, on-ear headphone with superior sound - and microphone and remote for hassle-free control.",B&O_Beoplay_H2_Headphone_Carbon_Blue_1.jpeg,B&O_Beoplay_H2_Headphone_Carbon_Blue_2.jpeg,B&O_Beoplay_H2_Headphone_Carbon_Blue_3.jpeg,B&O_Beoplay_H2_Headphone_Carbon_Blue_4.jpeg,B&O_Beoplay_H2_Headphone_Carbon_Blue_5.jpeg,B&O_Beoplay_H2_Headphone_Carbon_Blue_6.jpeg,B&O_Beoplay_H2_Headphone_Carbon_Blue_7.jpeg,,1,1,5,14990,,,,,,,,,,,
B&O Beoplay H2 Headphone - Feldspar Green,5.70526E+12,B&O,Beoplay H2,,Earphones & Headphones,Headphones,Feldspar Green,Green,"Apple Phones, Apple Ipods, Apple Ipads, Samsung Phones",Headphone,"On The Ear, Stereo",With Microphone,2 Years Warranty,,"Flexible, on-ear headphone with superior sound - and microphone and remote for hassle-free control.",B&O_Beoplay_H2_Headphone_Feldspar_Green_1.jpeg,B&O_Beoplay_H2_Headphone_Feldspar_Green_2.jpeg,B&O_Beoplay_H2_Headphone_Feldspar_Green_3.jpeg,B&O_Beoplay_H2_Headphone_Feldspar_Green_4.jpeg,B&O_Beoplay_H2_Headphone_Feldspar_Green_5.jpeg,B&O_Beoplay_H2_Headphone_Feldspar_Green_6.jpeg,B&O_Beoplay_H2_Headphone_Feldspar_Green_7.jpeg,,1,1,5,14990,,,,,,,,,,,
B&O Beoplay H2 Headphone - Silver Cloud ,5.70526E+12,B&O,Beoplay H2,,Earphones & Headphones,Headphones,Silver Cloud ,White,"Apple Phones, Apple Ipods, Apple Ipads, Samsung Phones",Headphone,"On The Ear, Stereo",With Microphone,2 Years Warranty,,"Flexible, on-ear headphone with superior sound - and microphone and remote for hassle-free control.",B&O_Beoplay_H2_Headphone_Silver_Cloud _1.jpeg,B&O_Beoplay_H2_Headphone_Silver_Cloud _2.jpeg,B&O_Beoplay_H2_Headphone_Silver_Cloud _3.jpeg,B&O_Beoplay_H2_Headphone_Silver_Cloud _4.jpeg,B&O_Beoplay_H2_Headphone_Silver_Cloud _5.jpeg,B&O_Beoplay_H2_Headphone_Silver_Cloud _6.jpeg,B&O_Beoplay_H2_Headphone_Silver_Cloud _7.jpeg,,1,1,5,14990,,,,,,,,,,,
B&O Form 2 Headphone - Orange,5.70526E+12,B&O,Form 2,,Earphones & Headphones,Headphones,Orange,Orange,"Apple Phones, Apple Ipods, Apple Ipads, Samsung Phones",Headphone,"On The Ear, Stereo",Without Microphone,,,Sleek and ultra-light headphone with impressive sound.,B&O_Form_2_Headphone_Orange_1.jpeg,B&O_Form_2_Headphone_Orange_2.jpeg,B&O_Form_2_Headphone_Orange_3.jpeg,B&O_Form_2_Headphone_Orange_4.jpeg,B&O_Form_2_Headphone_Orange_5.jpeg,B&O_Form_2_Headphone_Orange_6.jpeg,B&O_Form_2_Headphone_Orange_7.jpeg,,1,1,5,10200,,,,,,,,,,,
B&O Form 2 Headphone - Yellow,5.70526E+12,B&O,Form 2,,Earphones & Headphones,Headphones,Yellow,Yellow,"Apple Phones, Apple Ipods, Apple Ipads, Samsung Phones",Headphone,"On The Ear, Stereo",Without Microphone,,,Sleek and ultra-light headphone with impressive sound.,B&O_Form_2_Headphone_Yellow_1.jpeg,B&O_Form_2_Headphone_Yellow_2.jpeg,B&O_Form_2_Headphone_Yellow_3.jpeg,B&O_Form_2_Headphone_Yellow_4.jpeg,B&O_Form_2_Headphone_Yellow_5.jpeg,B&O_Form_2_Headphone_Yellow_6.jpeg,B&O_Form_2_Headphone_Yellow_7.jpeg,,1,1,5,10200,,,,,,,,,,,
B&O Beoplay H3 Earphone - Golden,5.70526E+12,B&O,Beoplay H3,,Earphones & Headphones,Earphones,Golden,Gold,"Apple Phones, Apple Ipods, Apple Ipads, Samsung Phones",Earphone,"In Ear, Stereo",With Microphone,2 Years Warranty,,"Powerful sound, sturdy exterior and comfortable fit.",B&O_Beoplay_H3_Earphone_Golden_1.jpeg,B&O_Beoplay_H3_Earphone_Golden_2.jpeg,B&O_Beoplay_H3_Earphone_Golden_3.jpeg,B&O_Beoplay_H3_Earphone_Golden_4.jpeg,B&O_Beoplay_H3_Earphone_Golden_5.jpeg,B&O_Beoplay_H3_Earphone_Golden_6.jpeg,B&O_Beoplay_H3_Earphone_Golden_7.jpeg,,1,1,5,15990,,,,,,,,,,,
B&O Beoplay H3 Earphone - Red,5.70526E+12,B&O,Beoplay H3,,Earphones & Headphones,Earphones,Red,Red,"Apple Phones, Apple Ipods, Apple Ipads, Samsung Phones",Earphone,"In Ear, Stereo",With Microphone,2 Years Warranty,,"Powerful sound, sturdy exterior and comfortable fit.",B&O_Beoplay_H3_Earphone_Red_1.jpeg,B&O_Beoplay_H3_Earphone_Red_2.jpeg,B&O_Beoplay_H3_Earphone_Red_3.jpeg,B&O_Beoplay_H3_Earphone_Red_4.jpeg,B&O_Beoplay_H3_Earphone_Red_5.jpeg,B&O_Beoplay_H3_Earphone_Red_6.jpeg,B&O_Beoplay_H3_Earphone_Red_7.jpeg,,1,1,5,15990,,,,,,,,,,,
B&O Beoplay H3 Earphone - Black,5.70526E+12,B&O,Beoplay H3,,Earphones & Headphones,Earphones,Black,Black,"Apple Phones, Apple Ipods, Apple Ipads, Samsung Phones",Earphone,"In Ear, Stereo",With Microphone,2 Years Warranty,,"Powerful sound, sturdy exterior and comfortable fit.",B&O_Beoplay_H3_Earphone_Black_1.jpeg,B&O_Beoplay_H3_Earphone_Black_2.jpeg,B&O_Beoplay_H3_Earphone_Black_3.jpeg,B&O_Beoplay_H3_Earphone_Black_4.jpeg,B&O_Beoplay_H3_Earphone_Black_5.jpeg,B&O_Beoplay_H3_Earphone_Black_6.jpeg,B&O_Beoplay_H3_Earphone_Black_7.jpeg,,1,1,5,15990,,,,,,,,,,,
B&O Earset 3i Earphone - Black,5.70526E+12,B&O,Earset 3i,,Earphones & Headphones,Earphones,Black,Black,"Apple Phones, Apple Ipods, Apple Ipads, Samsung Phones",Earphone,"In Ear, Stereo, Clip Ons",With Microphone,2 Years Warranty,,Ultra light and adjustable earphone for people on the move. ,B&O_Earset_3i_Earphone_Black_1.jpeg,B&O_Earset_3i_Earphone_Black_2.jpeg,B&O_Earset_3i_Earphone_Black_3.jpeg,B&O_Earset_3i_Earphone_Black_4.jpeg,B&O_Earset_3i_Earphone_Black_5.jpeg,B&O_Earset_3i_Earphone_Black_6.jpeg,B&O_Earset_3i_Earphone_Black_7.jpeg,,1,1,5,18990,,,,,,,,,,,
B&O Earset 3i Earphone - White,5.70526E+12,B&O,Earset 3i,,Earphones & Headphones,Earphones,White,White,"Apple Phones, Apple Ipods, Apple Ipads, Samsung Phones",Earphone,"In Ear, Stereo, Clip Ons",With Microphone,2 Years Warranty,,Ultra light and adjustable earphone for people on the move. ,B&O_Earset_3i_Earphone_White_1.jpeg,B&O_Earset_3i_Earphone_White_2.jpeg,B&O_Earset_3i_Earphone_White_3.jpeg,B&O_Earset_3i_Earphone_White_4.jpeg,B&O_Earset_3i_Earphone_White_5.jpeg,B&O_Earset_3i_Earphone_White_6.jpeg,B&O_Earset_3i_Earphone_White_7.jpeg,,1,1,5,18990,,,,,,,,,,,
Bowers&Wilkins P5 Headphone - Black,7.14346E+11,Bowers&Wilkins,P5,,Earphones & Headphones,Headphones,Black,Black,"Apple Phones, Apple Ipods, Apple Ipads, Samsung Phones",Headphone,"On The Ear, Stereo",With Microphone,2 Years Warranty,,"Incredible soft sheep’s leather and a perfect blend of sound technology and design, P5 feels luxurious and sounds incredible.",Bowers&Wilkins_P5_Headphone_Black_1.jpeg,Bowers&Wilkins_P5_Headphone_Black_2.jpeg,Bowers&Wilkins_P5_Headphone_Black_3.jpeg,Bowers&Wilkins_P5_Headphone_Black_4.jpeg,Bowers&Wilkins_P5_Headphone_Black_5.jpeg,Bowers&Wilkins_P5_Headphone_Black_6.jpeg,Bowers&Wilkins_P5_Headphone_Black_7.jpeg,,1,1,5,25990,,,,,,,,,,,
Bowers&Wilkins P7 Headphone - Black,7.14346E+11,Bowers&Wilkins,P7,,Earphones & Headphones,Headphones,Black,Black,"Apple Phones, Apple Ipods, Apple Ipads, Samsung Phones",Headphone,"Over The Ear, Stereo",With Microphone,2 Years Warranty,,A truly immersive sound combined with the luxurious comfort and impeccable build quality you expect from Bowers & Wilkins. We’ve drawn on everything we know about speaker technology and created a new standard for portable hi-fi sound quality.,Bowers&Wilkins_P7_Headphone_Black_1.jpeg,Bowers&Wilkins_P7_Headphone_Black_2.jpeg,Bowers&Wilkins_P7_Headphone_Black_3.jpeg,Bowers&Wilkins_P7_Headphone_Black_4.jpeg,Bowers&Wilkins_P7_Headphone_Black_5.jpeg,Bowers&Wilkins_P7_Headphone_Black_6.jpeg,Bowers&Wilkins_P7_Headphone_Black_7.jpeg,,1,1,5,33990,,,,,,,,,,,
Bowers&Wilkins P3 Headphone - Red,7.14346E+11,Bowers&Wilkins,P3,,Earphones & Headphones,Headphones,Red,Red,"Apple Phones, Apple Ipods, Apple Ipads, Samsung Phones",Headphone,"On The Ear, Stereo",With Microphone,2 Years Warranty,,"Light, fresh, solid-in-design, and immensely portable, the P3s deliver an exceptional sound experience. Stylish yet understated and now in a dynamic range of colours, they guarantee the wearer will stand out from the crowd.",Bowers&Wilkins_P3_Headphone_Red_1.jpeg,Bowers&Wilkins_P3_Headphone_Red_2.jpeg,Bowers&Wilkins_P3_Headphone_Red_3.jpeg,Bowers&Wilkins_P3_Headphone_Red_4.jpeg,Bowers&Wilkins_P3_Headphone_Red_5.jpeg,Bowers&Wilkins_P3_Headphone_Red_6.jpeg,Bowers&Wilkins_P3_Headphone_Red_7.jpeg,,1,1,5,17990,,,,,,,,,,,
Bowers&Wilkins P3 Headphone - White,7.14346E+11,Bowers&Wilkins,P3,,Earphones & Headphones,Headphones,White,White,"Apple Phones, Apple Ipods, Apple Ipads, Samsung Phones",Headphone,"On The Ear, Stereo",With Microphone,2 Years Warranty,,"Light, fresh, solid-in-design, and immensely portable, the P3s deliver an exceptional sound experience. Stylish yet understated and now in a dynamic range of colours, they guarantee the wearer will stand out from the crowd.",Bowers&Wilkins_P3_Headphone_White_1.jpeg,Bowers&Wilkins_P3_Headphone_White_2.jpeg,Bowers&Wilkins_P3_Headphone_White_3.jpeg,Bowers&Wilkins_P3_Headphone_White_4.jpeg,Bowers&Wilkins_P3_Headphone_White_5.jpeg,Bowers&Wilkins_P3_Headphone_White_6.jpeg,Bowers&Wilkins_P3_Headphone_White_7.jpeg,,1,1,5,17990,,,,,,,,,,,
Bowers&Wilkins P3 Headphone - Blue,7.14346E+11,Bowers&Wilkins,P3,,Earphones & Headphones,Headphones,Blue,Blue,"Apple Phones, Apple Ipods, Apple Ipads, Samsung Phones",Headphone,"On The Ear, Stereo",With Microphone,2 Years Warranty,,"Light, fresh, solid-in-design, and immensely portable, the P3s deliver an exceptional sound experience. Stylish yet understated and now in a dynamic range of colours, they guarantee the wearer will stand out from the crowd.",Bowers&Wilkins_P3_Headphone_Blue_1.jpeg,Bowers&Wilkins_P3_Headphone_Blue_2.jpeg,Bowers&Wilkins_P3_Headphone_Blue_3.jpeg,Bowers&Wilkins_P3_Headphone_Blue_4.jpeg,Bowers&Wilkins_P3_Headphone_Blue_5.jpeg,Bowers&Wilkins_P3_Headphone_Blue_6.jpeg,Bowers&Wilkins_P3_Headphone_Blue_7.jpeg,,1,1,5,17990,,,,,,,,,,,
Bowers&Wilkins P3 Headphone - Black,7.14346E+11,Bowers&Wilkins,P3,,Earphones & Headphones,Headphones,Black,Black,"Apple Phones, Apple Ipods, Apple Ipads, Samsung Phones",Headphone,"On The Ear, Stereo",With Microphone,2 Years Warranty,,"Light, fresh, solid-in-design, and immensely portable, the P3s deliver an exceptional sound experience. Stylish yet understated and now in a dynamic range of colours, they guarantee the wearer will stand out from the crowd.",Bowers&Wilkins_P3_Headphone_Black_1.jpeg,Bowers&Wilkins_P3_Headphone_Black_2.jpeg,Bowers&Wilkins_P3_Headphone_Black_3.jpeg,Bowers&Wilkins_P3_Headphone_Black_4.jpeg,Bowers&Wilkins_P3_Headphone_Black_5.jpeg,Bowers&Wilkins_P3_Headphone_Black_6.jpeg,Bowers&Wilkins_P3_Headphone_Black_7.jpeg,,1,1,5,17990,,,,,,,,,,,
Bowers&Wilkins P5 Wireless Headphone - Black,7.14346E+11,Bowers&Wilkins,P5 Wireless,,Earphones & Headphones,Headphones,Black,Black,"Apple Phones, Apple Ipods, Apple Ipads, Samsung Phones",Headphone,"On The Ear, Stereo",With Microphone,2 Years Warranty,,"P5 performance, no wires. P5 Wireless with aptX Bluetooth sets a new standard for audio quality and convenience. With universal compatibility, 17 hour battery and P5’s award-winning drivers and materials, wireless Hi-Fi headphones are here at last.",Bowers&Wilkins_P5_Wireless_Headphone_Black_1.jpeg,Bowers&Wilkins_P5_Wireless_Headphone_Black_2.jpeg,Bowers&Wilkins_P5_Wireless_Headphone_Black_3.jpeg,Bowers&Wilkins_P5_Wireless_Headphone_Black_4.jpeg,Bowers&Wilkins_P5_Wireless_Headphone_Black_5.jpeg,Bowers&Wilkins_P5_Wireless_Headphone_Black_6.jpeg,Bowers&Wilkins_P5_Wireless_Headphone_Black_7.jpeg,,1,1,5,28950,,,,,,,,,,,
Bowers&Wilkins C5 Series 2 Earphone - Black,7.14346E+11,Bowers&Wilkins,C5 Series 2,,Earphones & Headphones,Earphones,Black,Black,"Apple Phones, Apple Ipods, Apple Ipads, Samsung Phones",Earphone,"In Ear, Stereo",With Microphone,2 Years Warranty,,C5 Series 2 in-ear headphones bring you amazingly natural acoustics and fit so snugly you’ll hardly be aware you’re wearing them. The latest edition features redesigned drive units for enhanced sound quality.,Bowers&Wilkins_C5_Series_2_Earphone_Black_1.jpeg,Bowers&Wilkins_C5_Series_2_Earphone_Black_2.jpeg,Bowers&Wilkins_C5_Series_2_Earphone_Black_3.jpeg,Bowers&Wilkins_C5_Series_2_Earphone_Black_4.jpeg,Bowers&Wilkins_C5_Series_2_Earphone_Black_5.jpeg,Bowers&Wilkins_C5_Series_2_Earphone_Black_6.jpeg,Bowers&Wilkins_C5_Series_2_Earphone_Black_7.jpeg,,1,1,5,16712,,,,,,,,,,,
Urbanears Plattan Headphone - White,7.34006E+12,Urbanears,Plattan,,Earphones & Headphones,Headphones,White,White,"Apple Phones, Apple Ipods, Apple Ipads, Samsung Phones",Headphone,"Over The Ear, Stereo",With Microphone,1 Year Warranty,,"Plattan headphones are the ultimate closet staples; color match them with your business attire and wear them on your way to work, put em’ on during the laid back coffee shop study sesh or add a fun twist to your workout gear.",Urbanears_Plattan_Headphone_White_1.jpeg,Urbanears_Plattan_Headphone_White_2.jpeg,Urbanears_Plattan_Headphone_White_3.jpeg,Urbanears_Plattan_Headphone_White_4.jpeg,Urbanears_Plattan_Headphone_White_5.jpeg,Urbanears_Plattan_Headphone_White_6.jpeg,Urbanears_Plattan_Headphone_White_7.jpeg,,1,1,5,5750,,,,,,,,,,,
Urbanears Plattan Headphone - Coral,7.34006E+12,Urbanears,Plattan,,Earphones & Headphones,Headphones,Coral,Pink,"Apple Phones, Apple Ipods, Apple Ipads, Samsung Phones",Headphone,"Over The Ear, Stereo",With Microphone,1 Year Warranty,,"Plattan headphones are the ultimate closet staples; color match them with your business attire and wear them on your way to work, put em’ on during the laid back coffee shop study sesh or add a fun twist to your workout gear.",Urbanears_Plattan_Headphone_Coral_1.jpeg,Urbanears_Plattan_Headphone_Coral_2.jpeg,Urbanears_Plattan_Headphone_Coral_3.jpeg,Urbanears_Plattan_Headphone_Coral_4.jpeg,Urbanears_Plattan_Headphone_Coral_5.jpeg,Urbanears_Plattan_Headphone_Coral_6.jpeg,Urbanears_Plattan_Headphone_Coral_7.jpeg,,1,1,5,5750,,,,,,,,,,,
Urbanears Zinken Headphone - Tomato,7.34006E+12,Urbanears,Zinken,,Earphones & Headphones,Headphones,Tomato,Red,"Apple Phones, Apple Ipods, Apple Ipads, Samsung Phones",Headphone,"On The Ear, Stereo",With Microphone,1 Year Warranty,,"Zinken is a DJ headphone extraordinaire. Its full-size on-ear construction isolates you from outside noise, so you can hear deep bass and crisp mids and highs.",Urbanears_Zinken_Headphone_Tomato_1.jpeg,Urbanears_Zinken_Headphone_Tomato_2.jpeg,Urbanears_Zinken_Headphone_Tomato_3.jpeg,Urbanears_Zinken_Headphone_Tomato_4.jpeg,Urbanears_Zinken_Headphone_Tomato_5.jpeg,Urbanears_Zinken_Headphone_Tomato_6.jpeg,Urbanears_Zinken_Headphone_Tomato_7.jpeg,,1,1,5,12500,,,,,,,,,,,
Urbanears Zinken Headphone - White,7.34006E+12,Urbanears,Zinken,,Earphones & Headphones,Headphones,White,White,"Apple Phones, Apple Ipods, Apple Ipads, Samsung Phones",Headphone,"On The Ear, Stereo",With Microphone,1 Year Warranty,,"Zinken is a DJ headphone extraordinaire. Its full-size on-ear construction isolates you from outside noise, so you can hear deep bass and crisp mids and highs.",Urbanears_Zinken_Headphone_White_1.jpeg,Urbanears_Zinken_Headphone_White_2.jpeg,Urbanears_Zinken_Headphone_White_3.jpeg,Urbanears_Zinken_Headphone_White_4.jpeg,Urbanears_Zinken_Headphone_White_5.jpeg,Urbanears_Zinken_Headphone_White_6.jpeg,Urbanears_Zinken_Headphone_White_7.jpeg,,1,1,5,12500,,,,,,,,,,,
Urbanears Zinken Headphone - Black,7.34006E+12,Urbanears,Zinken,,Earphones & Headphones,Headphones,Black,Black,"Apple Phones, Apple Ipods, Apple Ipads, Samsung Phones",Headphone,"On The Ear, Stereo",With Microphone,1 Year Warranty,,"Zinken is a DJ headphone extraordinaire. Its full-size on-ear construction isolates you from outside noise, so you can hear deep bass and crisp mids and highs.",Urbanears_Zinken_Headphone_Black_1.jpeg,Urbanears_Zinken_Headphone_Black_2.jpeg,Urbanears_Zinken_Headphone_Black_3.jpeg,Urbanears_Zinken_Headphone_Black_4.jpeg,Urbanears_Zinken_Headphone_Black_5.jpeg,Urbanears_Zinken_Headphone_Black_6.jpeg,Urbanears_Zinken_Headphone_Black_7.jpeg,,1,1,5,12500,,,,,,,,,,,
Urbanears Zinken Headphone - Grape,7.34006E+12,Urbanears,Zinken,,Earphones & Headphones,Headphones,Grape,Purple,"Apple Phones, Apple Ipods, Apple Ipads, Samsung Phones",Headphone,"On The Ear, Stereo",With Microphone,1 Year Warranty,,"Zinken is a DJ headphone extraordinaire. Its full-size on-ear construction isolates you from outside noise, so you can hear deep bass and crisp mids and highs.",Urbanears_Zinken_Headphone_Grape_1.jpeg,Urbanears_Zinken_Headphone_Grape_2.jpeg,Urbanears_Zinken_Headphone_Grape_3.jpeg,Urbanears_Zinken_Headphone_Grape_4.jpeg,Urbanears_Zinken_Headphone_Grape_5.jpeg,Urbanears_Zinken_Headphone_Grape_6.jpeg,Urbanears_Zinken_Headphone_Grape_7.jpeg,,1,1,5,12500,,,,,,,,,,,
Urbanears Medis Earphone - White,7.34006E+12,Urbanears,Medis,,Earphones & Headphones,Earphones,White,White,"Apple Phones, Apple Ipods, Apple Ipads, Samsung Phones",Earphone,"In Ear, Stereo",With Microphone,1 Year Warranty,,"An unprecedented experience in ergonomics and functionality, Medis is a unique in-ear headphone featuring the Urbanears-original EarClick solution for a custom fit. Naturally, Medis also features dynamic sound and a sleek and minimal design.",Urbanears_Medis_Earphone_White_1.jpeg,Urbanears_Medis_Earphone_White_2.jpeg,Urbanears_Medis_Earphone_White_3.jpeg,Urbanears_Medis_Earphone_White_4.jpeg,Urbanears_Medis_Earphone_White_5.jpeg,Urbanears_Medis_Earphone_White_6.jpeg,Urbanears_Medis_Earphone_White_7.jpeg,,1,1,5,4750,,,,,,,,,,,
Urbanears Medis Earphone - Mocca,7.34006E+12,Urbanears,Medis,,Earphones & Headphones,Earphones,Mocca,Brown,"Apple Phones, Apple Ipods, Apple Ipads, Samsung Phones",Earphone,"In Ear, Stereo",With Microphone,1 Year Warranty,,"An unprecedented experience in ergonomics and functionality, Medis is a unique in-ear headphone featuring the Urbanears-original EarClick solution for a custom fit. Naturally, Medis also features dynamic sound and a sleek and minimal design.",Urbanears_Medis_Earphone_Mocca_1.jpeg,Urbanears_Medis_Earphone_Mocca_2.jpeg,Urbanears_Medis_Earphone_Mocca_3.jpeg,Urbanears_Medis_Earphone_Mocca_4.jpeg,Urbanears_Medis_Earphone_Mocca_5.jpeg,Urbanears_Medis_Earphone_Mocca_6.jpeg,Urbanears_Medis_Earphone_Mocca_7.jpeg,,1,1,5,4750,,,,,,,,,,,
Urbanears Medis Earphone - Mustard,7.34006E+12,Urbanears,Medis,,Earphones & Headphones,Earphones,Mustard,Yellow,"Apple Phones, Apple Ipods, Apple Ipads, Samsung Phones",Earphone,"In Ear, Stereo",With Microphone,1 Year Warranty,,"An unprecedented experience in ergonomics and functionality, Medis is a unique in-ear headphone featuring the Urbanears-original EarClick solution for a custom fit. Naturally, Medis also features dynamic sound and a sleek and minimal design.",Urbanears_Medis_Earphone_Mustard_1.jpeg,Urbanears_Medis_Earphone_Mustard_2.jpeg,Urbanears_Medis_Earphone_Mustard_3.jpeg,Urbanears_Medis_Earphone_Mustard_4.jpeg,Urbanears_Medis_Earphone_Mustard_5.jpeg,Urbanears_Medis_Earphone_Mustard_6.jpeg,Urbanears_Medis_Earphone_Mustard_7.jpeg,,1,1,5,4750,,,,,,,,,,,
Urbanears Medis Earphone - Pumpkin,7.34006E+12,Urbanears,Medis,,Earphones & Headphones,Earphones,Pumpkin,Orange,"Apple Phones, Apple Ipods, Apple Ipads, Samsung Phones",Earphone,"In Ear, Stereo",With Microphone,1 Year Warranty,,"An unprecedented experience in ergonomics and functionality, Medis is a unique in-ear headphone featuring the Urbanears-original EarClick solution for a custom fit. Naturally, Medis also features dynamic sound and a sleek and minimal design.",Urbanears_Medis_Earphone_Pumpkin_1.jpeg,Urbanears_Medis_Earphone_Pumpkin_2.jpeg,Urbanears_Medis_Earphone_Pumpkin_3.jpeg,Urbanears_Medis_Earphone_Pumpkin_4.jpeg,Urbanears_Medis_Earphone_Pumpkin_5.jpeg,Urbanears_Medis_Earphone_Pumpkin_6.jpeg,Urbanears_Medis_Earphone_Pumpkin_7.jpeg,,1,1,5,4750,,,,,,,,,,,
Beats By Dre Power Beats Earphone - White,8.48447E+11,Beats By Dre,Power Beats,,Earphones & Headphones,Earphones,White,White,"Apple Phones, Apple Ipods, Apple Ipads, Samsung Phones",Earphone,"In Ear, Stereo, Clip Ons",With Microphone,1 Year Warranty,,"Sweat resistant and UV protected, ideal for those who love getting athletic to music, indoors or outdoors. Advanced passive sound isolation delivers music with power yet keeps your surroundings audible. ControlTalk on-cable mic for convenient hands-free calling with iPhones and smartphones.",Beats_By_Dre_Power_Beats_Earphone_White_1.jpeg,Beats_By_Dre_Power_Beats_Earphone_White_2.jpeg,Beats_By_Dre_Power_Beats_Earphone_White_3.jpeg,Beats_By_Dre_Power_Beats_Earphone_White_4.jpeg,Beats_By_Dre_Power_Beats_Earphone_White_5.jpeg,Beats_By_Dre_Power_Beats_Earphone_White_6.jpeg,Beats_By_Dre_Power_Beats_Earphone_White_7.jpeg,,1,1,5,12350,,,,,,,,,,,
Beats By Dre Power Beats Earphone - Red,8.48447E+11,Beats By Dre,Power Beats,,Earphones & Headphones,Earphones,Red,Red,"Apple Phones, Apple Ipods, Apple Ipads, Samsung Phones",Earphone,"In Ear, Stereo, Clip Ons",With Microphone,1 Year Warranty,,"Sweat resistant and UV protected, ideal for those who love getting athletic to music, indoors or outdoors. Advanced passive sound isolation delivers music with power yet keeps your surroundings audible. ControlTalk on-cable mic for convenient hands-free calling with iPhones and smartphones.",Beats_By_Dre_Power_Beats_Earphone_Red_1.jpeg,Beats_By_Dre_Power_Beats_Earphone_Red_2.jpeg,Beats_By_Dre_Power_Beats_Earphone_Red_3.jpeg,Beats_By_Dre_Power_Beats_Earphone_Red_4.jpeg,Beats_By_Dre_Power_Beats_Earphone_Red_5.jpeg,Beats_By_Dre_Power_Beats_Earphone_Red_6.jpeg,Beats_By_Dre_Power_Beats_Earphone_Red_7.jpeg,,1,1,5,12350,,,,,,,,,,,
Beats By Dre Power Beats Earphone - Black,8.48447E+11,Beats By Dre,Power Beats,,Earphones & Headphones,Earphones,Black,Black,"Apple Phones, Apple Ipods, Apple Ipads, Samsung Phones",Earphone,"In Ear, Stereo, Clip Ons",With Microphone,1 Year Warranty,,"Sweat resistant and UV protected, ideal for those who love getting athletic to music, indoors or outdoors. Advanced passive sound isolation delivers music with power yet keeps your surroundings audible. ControlTalk on-cable mic for convenient hands-free calling with iPhones and smartphones.",Beats_By_Dre_Power_Beats_Earphone_Black_1.jpeg,Beats_By_Dre_Power_Beats_Earphone_Black_2.jpeg,Beats_By_Dre_Power_Beats_Earphone_Black_3.jpeg,Beats_By_Dre_Power_Beats_Earphone_Black_4.jpeg,Beats_By_Dre_Power_Beats_Earphone_Black_5.jpeg,Beats_By_Dre_Power_Beats_Earphone_Black_6.jpeg,Beats_By_Dre_Power_Beats_Earphone_Black_7.jpeg,,1,1,5,12350,,,,,,,,,,,
Beats By Dre Urbeats Earphone - Black,8.48447E+11,Beats By Dre,Urbeats,,Earphones & Headphones,Earphones,Black,Black,"Apple Phones, Apple Ipods, Apple Ipads, Samsung Phones",Earphone,"In Ear, Stereo",With Microphone,1 Year Warranty,,"Deep bass, soaring highs and clear midrange. Solid metal housing creates an undisturbed listening experience. Multisized eartips for a complete fit. Take calls and control music with RemoteTalk cable.",Beats_By_Dre_Urbeats_Earphone_Black_1.jpeg,Beats_By_Dre_Urbeats_Earphone_Black_2.jpeg,Beats_By_Dre_Urbeats_Earphone_Black_3.jpeg,Beats_By_Dre_Urbeats_Earphone_Black_4.jpeg,Beats_By_Dre_Urbeats_Earphone_Black_5.jpeg,Beats_By_Dre_Urbeats_Earphone_Black_6.jpeg,Beats_By_Dre_Urbeats_Earphone_Black_7.jpeg,,1,1,5,8500,,,,,,,,,,,
Beats By Dre Urbeats Earphone - Red,8.48447E+11,Beats By Dre,Urbeats,,Earphones & Headphones,Earphones,Red,Red,"Apple Phones, Apple Ipods, Apple Ipads, Samsung Phones",Earphone,"In Ear, Stereo",With Microphone,1 Year Warranty,,"Deep bass, soaring highs and clear midrange. Solid metal housing creates an undisturbed listening experience. Multisized eartips for a complete fit. Take calls and control music with RemoteTalk cable.",Beats_By_Dre_Urbeats_Earphone_Red_1.jpeg,Beats_By_Dre_Urbeats_Earphone_Red_2.jpeg,Beats_By_Dre_Urbeats_Earphone_Red_3.jpeg,Beats_By_Dre_Urbeats_Earphone_Red_4.jpeg,Beats_By_Dre_Urbeats_Earphone_Red_5.jpeg,Beats_By_Dre_Urbeats_Earphone_Red_6.jpeg,Beats_By_Dre_Urbeats_Earphone_Red_7.jpeg,,1,1,5,8500,,,,,,,,,,,
Beats By Dre Urbeats Earphone - Gold,8.88462E+11,Beats By Dre,Urbeats,,Earphones & Headphones,Earphones,Gold,Gold,"Apple Phones, Apple Ipods, Apple Ipads, Samsung Phones",Earphone,"In Ear, Stereo",With Microphone,1 Year Warranty,,"Deep bass, soaring highs and clear midrange. Solid metal housing creates an undisturbed listening experience. Multisized eartips for a complete fit. Take calls and control music with RemoteTalk cable.",Beats_By_Dre_Urbeats_Earphone_Gold_1.jpeg,Beats_By_Dre_Urbeats_Earphone_Gold_2.jpeg,Beats_By_Dre_Urbeats_Earphone_Gold_3.jpeg,Beats_By_Dre_Urbeats_Earphone_Gold_4.jpeg,Beats_By_Dre_Urbeats_Earphone_Gold_5.jpeg,Beats_By_Dre_Urbeats_Earphone_Gold_6.jpeg,Beats_By_Dre_Urbeats_Earphone_Gold_7.jpeg,,1,1,5,8500,,,,,,,,,,,
Beats By Dre Urbeats Earphone - White,8.48447E+11,Beats By Dre,Urbeats,,Earphones & Headphones,Earphones,White,White,"Apple Phones, Apple Ipods, Apple Ipads, Samsung Phones",Earphone,"In Ear, Stereo",With Microphone,1 Year Warranty,,"Deep bass, soaring highs and clear midrange. Solid metal housing creates an undisturbed listening experience. Multisized eartips for a complete fit. Take calls and control music with RemoteTalk cable.",Beats_By_Dre_Urbeats_Earphone_White_1.jpeg,Beats_By_Dre_Urbeats_Earphone_White_2.jpeg,Beats_By_Dre_Urbeats_Earphone_White_3.jpeg,Beats_By_Dre_Urbeats_Earphone_White_4.jpeg,Beats_By_Dre_Urbeats_Earphone_White_5.jpeg,Beats_By_Dre_Urbeats_Earphone_White_6.jpeg,Beats_By_Dre_Urbeats_Earphone_White_7.jpeg,,1,1,5,8500,,,,,,,,,,,
Beats By Dre Tour2 Earphone - Black,8.48447E+11,Beats By Dre,Tour2,,Earphones & Headphones,Earphones,Black,Black,"Apple Phones, Apple Ipods, Apple Ipads, Samsung Phones",Earphone,"In Ear, Stereo",With Microphone,1 Year Warranty,,Sweat and water-resistant to survive tough weather and workouts. Optional wingtips for a versatile and comfortable fit. Full-range sound profile with crisp highs and powerful lows. Take hands-free calls and control music with RemoteTalk cable.,Beats_By_Dre_Tour2_Earphone_Black_1.jpeg,Beats_By_Dre_Tour2_Earphone_Black_2.jpeg,Beats_By_Dre_Tour2_Earphone_Black_3.jpeg,Beats_By_Dre_Tour2_Earphone_Black_4.jpeg,Beats_By_Dre_Tour2_Earphone_Black_5.jpeg,Beats_By_Dre_Tour2_Earphone_Black_6.jpeg,Beats_By_Dre_Tour2_Earphone_Black_7.jpeg,,1,1,5,12350,,,,,,,,,,,
Beats By Dre Tour2 Earphone - White,8.48447E+11,Beats By Dre,Tour2,,Earphones & Headphones,Earphones,White,White,"Apple Phones, Apple Ipods, Apple Ipads, Samsung Phones",Earphone,"In Ear, Stereo",With Microphone,1 Year Warranty,,Sweat and water-resistant to survive tough weather and workouts. Optional wingtips for a versatile and comfortable fit. Full-range sound profile with crisp highs and powerful lows. Take hands-free calls and control music with RemoteTalk cable.,Beats_By_Dre_Tour2_Earphone_White_1.jpeg,Beats_By_Dre_Tour2_Earphone_White_2.jpeg,Beats_By_Dre_Tour2_Earphone_White_3.jpeg,Beats_By_Dre_Tour2_Earphone_White_4.jpeg,Beats_By_Dre_Tour2_Earphone_White_5.jpeg,Beats_By_Dre_Tour2_Earphone_White_6.jpeg,Beats_By_Dre_Tour2_Earphone_White_7.jpeg,,1,1,5,12350,,,,,,,,,,,
Beats By Dre Tour2 Earphone - Red,8.48447E+11,Beats By Dre,Tour2,,Earphones & Headphones,Earphones,Red,Red,"Apple Phones, Apple Ipods, Apple Ipads, Samsung Phones",Earphone,"In Ear, Stereo",With Microphone,1 Year Warranty,,Sweat and water-resistant to survive tough weather and workouts. Optional wingtips for a versatile and comfortable fit. Full-range sound profile with crisp highs and powerful lows. Take hands-free calls and control music with RemoteTalk cable.,Beats_By_Dre_Tour2_Earphone_Red_1.jpeg,Beats_By_Dre_Tour2_Earphone_Red_2.jpeg,Beats_By_Dre_Tour2_Earphone_Red_3.jpeg,Beats_By_Dre_Tour2_Earphone_Red_4.jpeg,Beats_By_Dre_Tour2_Earphone_Red_5.jpeg,Beats_By_Dre_Tour2_Earphone_Red_6.jpeg,Beats_By_Dre_Tour2_Earphone_Red_7.jpeg,,1,1,5,12350,,,,,,,,,,,
Beats By Dre Power Beats2 Wireless Earphone - White,8.48447E+11,Beats By Dre,Power Beats2 Wireless,,Earphones & Headphones,Earphones,White,White,"Apple Phones, Apple Ipods, Apple Ipads, Samsung Phones",Earphone,"In Ear, Stereo, Clip Ons",With Microphone,1 Year Warranty,,Premium sound in a lightweight design with flexible earhooks. Sweat and water resistant. Take hands-free calls and adjust music with no-slip-grip RemoteTalk controls. Pair and play with your Bluetooth device with 30 foot range. 6 hour rechargeable battery.,Beats_By_Dre_Power_Beats2_Wireless_Earphone_White_1.jpeg,Beats_By_Dre_Power_Beats2_Wireless_Earphone_White_2.jpeg,Beats_By_Dre_Power_Beats2_Wireless_Earphone_White_3.jpeg,Beats_By_Dre_Power_Beats2_Wireless_Earphone_White_4.jpeg,Beats_By_Dre_Power_Beats2_Wireless_Earphone_White_5.jpeg,Beats_By_Dre_Power_Beats2_Wireless_Earphone_White_6.jpeg,Beats_By_Dre_Power_Beats2_Wireless_Earphone_White_7.jpeg,,1,1,5,18000,,,,,,,,,,,
Beats By Dre Power Beats2 Wireless Earphone - Red,8.48447E+11,Beats By Dre,Power Beats2 Wireless,,Earphones & Headphones,Earphones,Red,Red,"Apple Phones, Apple Ipods, Apple Ipads, Samsung Phones",Earphone,"In Ear, Stereo, Clip Ons",With Microphone,1 Year Warranty,,Premium sound in a lightweight design with flexible earhooks. Sweat and water resistant. Take hands-free calls and adjust music with no-slip-grip RemoteTalk controls. Pair and play with your Bluetooth device with 30 foot range. 6 hour rechargeable battery.,Beats_By_Dre_Power_Beats2_Wireless_Earphone_Red_1.jpeg,Beats_By_Dre_Power_Beats2_Wireless_Earphone_Red_2.jpeg,Beats_By_Dre_Power_Beats2_Wireless_Earphone_Red_3.jpeg,Beats_By_Dre_Power_Beats2_Wireless_Earphone_Red_4.jpeg,Beats_By_Dre_Power_Beats2_Wireless_Earphone_Red_5.jpeg,Beats_By_Dre_Power_Beats2_Wireless_Earphone_Red_6.jpeg,Beats_By_Dre_Power_Beats2_Wireless_Earphone_Red_7.jpeg,,1,1,5,18000,,,,,,,,,,,
Beats By Dre Power Beats2 Wireless Earphone - Black,8.48447E+11,Beats By Dre,Power Beats2 Wireless,,Earphones & Headphones,Earphones,Black,Black,"Apple Phones, Apple Ipods, Apple Ipads, Samsung Phones",Earphone,"In Ear, Stereo, Clip Ons",With Microphone,1 Year Warranty,,Premium sound in a lightweight design with flexible earhooks. Sweat and water resistant. Take hands-free calls and adjust music with no-slip-grip RemoteTalk controls. Pair and play with your Bluetooth device with 30 foot range. 6 hour rechargeable battery.,Beats_By_Dre_Power_Beats2_Wireless_Earphone_Black_1.jpeg,Beats_By_Dre_Power_Beats2_Wireless_Earphone_Black_2.jpeg,Beats_By_Dre_Power_Beats2_Wireless_Earphone_Black_3.jpeg,Beats_By_Dre_Power_Beats2_Wireless_Earphone_Black_4.jpeg,Beats_By_Dre_Power_Beats2_Wireless_Earphone_Black_5.jpeg,Beats_By_Dre_Power_Beats2_Wireless_Earphone_Black_6.jpeg,Beats_By_Dre_Power_Beats2_Wireless_Earphone_Black_7.jpeg,,1,1,5,18000,,,,,,,,,,,
Beats By Dre Power Beats2 Wireless Earphone - Blue,8.48447E+11,Beats By Dre,Power Beats2 Wireless,,Earphones & Headphones,Earphones,Blue,Blue,"Apple Phones, Apple Ipods, Apple Ipads, Samsung Phones",Earphone,"In Ear, Stereo, Clip Ons",With Microphone,1 Year Warranty,,Premium sound in a lightweight design with flexible earhooks. Sweat and water resistant. Take hands-free calls and adjust music with no-slip-grip RemoteTalk controls. Pair and play with your Bluetooth device with 30 foot range. 6 hour rechargeable battery.,Beats_By_Dre_Power_Beats2_Wireless_Earphone_Blue_1.jpeg,Beats_By_Dre_Power_Beats2_Wireless_Earphone_Blue_2.jpeg,Beats_By_Dre_Power_Beats2_Wireless_Earphone_Blue_3.jpeg,Beats_By_Dre_Power_Beats2_Wireless_Earphone_Blue_4.jpeg,Beats_By_Dre_Power_Beats2_Wireless_Earphone_Blue_5.jpeg,Beats_By_Dre_Power_Beats2_Wireless_Earphone_Blue_6.jpeg,Beats_By_Dre_Power_Beats2_Wireless_Earphone_Blue_7.jpeg,,1,1,5,18000,,,,,,,,,,,
Beats By Dre Studio Headphone - Orange,8.48447E+11,Beats By Dre,Studio,,Earphones & Headphones,Headphones,Orange,Orange,"Apple Phones, Apple Ipods, Apple Ipads, Samsung Phones",Headphone,"Over The Ear, Stereo, Noice Cancelling",With Microphone,1 Year Warranty,,"Original Beats Studio, battery-powered over-ear headphones developed by Dr. Dre headphones amplify music while blocking out noise. Flawless, iconic fit with a convenient foldable design. Remote control operation from the cord.",Beats_By_Dre_Studio_Headphone_Orange_1.jpeg,Beats_By_Dre_Studio_Headphone_Orange_2.jpeg,Beats_By_Dre_Studio_Headphone_Orange_3.jpeg,Beats_By_Dre_Studio_Headphone_Orange_4.jpeg,Beats_By_Dre_Studio_Headphone_Orange_5.jpeg,Beats_By_Dre_Studio_Headphone_Orange_6.jpeg,Beats_By_Dre_Studio_Headphone_Orange_7.jpeg,,1,1,5,25000,,,,,,,,,,,
Beats By Dre Studio Headphone - Pink,8.48447E+11,Beats By Dre,Studio,,Earphones & Headphones,Headphones,Pink,Pink,"Apple Phones, Apple Ipods, Apple Ipads, Samsung Phones",Headphone,"Over The Ear, Stereo, Noice Cancelling",With Microphone,1 Year Warranty,,"Original Beats Studio, battery-powered over-ear headphones developed by Dr. Dre headphones amplify music while blocking out noise. Flawless, iconic fit with a convenient foldable design. Remote control operation from the cord.",Beats_By_Dre_Studio_Headphone_Pink_1.jpeg,Beats_By_Dre_Studio_Headphone_Pink_2.jpeg,Beats_By_Dre_Studio_Headphone_Pink_3.jpeg,Beats_By_Dre_Studio_Headphone_Pink_4.jpeg,Beats_By_Dre_Studio_Headphone_Pink_5.jpeg,Beats_By_Dre_Studio_Headphone_Pink_6.jpeg,Beats_By_Dre_Studio_Headphone_Pink_7.jpeg,,1,1,5,25000,,,,,,,,,,,
Beats By Dre Studio Headphone - Red,8.48447E+11,Beats By Dre,Studio,,Earphones & Headphones,Headphones,Red,Red,"Apple Phones, Apple Ipods, Apple Ipads, Samsung Phones",Headphone,"Over The Ear, Stereo, Noice Cancelling",With Microphone,1 Year Warranty,,"Original Beats Studio, battery-powered over-ear headphones developed by Dr. Dre headphones amplify music while blocking out noise. Flawless, iconic fit with a convenient foldable design. Remote control operation from the cord.",Beats_By_Dre_Studio_Headphone_Red_1.jpeg,Beats_By_Dre_Studio_Headphone_Red_2.jpeg,Beats_By_Dre_Studio_Headphone_Red_3.jpeg,Beats_By_Dre_Studio_Headphone_Red_4.jpeg,Beats_By_Dre_Studio_Headphone_Red_5.jpeg,Beats_By_Dre_Studio_Headphone_Red_6.jpeg,Beats_By_Dre_Studio_Headphone_Red_7.jpeg,,1,1,5,25000,,,,,,,,,,,
Beats By Dre Studio 2 Headphone - Red,8.48447E+11,Beats By Dre,Studio 2,,Earphones & Headphones,Headphones,Red,Red,"Apple Phones, Apple Ipods, Apple Ipads, Samsung Phones",Headphone,"Over The Ear, Stereo, Noice Cancelling",With Microphone,1 Year Warranty,,"The world’s most famous headphone has been completely redesigned and reimagined. The new Beats Studio is lighter, sexier, stronger, and more comfortable, with precision sound, Adaptive Noise Canceling, a 20-hour rechargeable battery, and RemoteTalk. It has all the energy and excitement you expect from Beats, plus a powerful, reengineered sound.",Beats_By_Dre_Studio_2_Headphone_Red_1.jpeg,Beats_By_Dre_Studio_2_Headphone_Red_2.jpeg,Beats_By_Dre_Studio_2_Headphone_Red_3.jpeg,Beats_By_Dre_Studio_2_Headphone_Red_4.jpeg,Beats_By_Dre_Studio_2_Headphone_Red_5.jpeg,Beats_By_Dre_Studio_2_Headphone_Red_6.jpeg,Beats_By_Dre_Studio_2_Headphone_Red_7.jpeg,,1,1,5,23600,,,,,,,,,,,
Beats By Dre Studio 2 Headphone - White,8.48447E+11,Beats By Dre,Studio 2,,Earphones & Headphones,Headphones,White,White,"Apple Phones, Apple Ipods, Apple Ipads, Samsung Phones",Headphone,"Over The Ear, Stereo, Noice Cancelling",With Microphone,1 Year Warranty,,"The world’s most famous headphone has been completely redesigned and reimagined. The new Beats Studio is lighter, sexier, stronger, and more comfortable, with precision sound, Adaptive Noise Canceling, a 20-hour rechargeable battery, and RemoteTalk. It has all the energy and excitement you expect from Beats, plus a powerful, reengineered sound.",Beats_By_Dre_Studio_2_Headphone_White_1.jpeg,Beats_By_Dre_Studio_2_Headphone_White_2.jpeg,Beats_By_Dre_Studio_2_Headphone_White_3.jpeg,Beats_By_Dre_Studio_2_Headphone_White_4.jpeg,Beats_By_Dre_Studio_2_Headphone_White_5.jpeg,Beats_By_Dre_Studio_2_Headphone_White_6.jpeg,Beats_By_Dre_Studio_2_Headphone_White_7.jpeg,,1,1,5,23600,,,,,,,,,,,
Beats By Dre Studio 2 Headphone - Black,8.48447E+11,Beats By Dre,Studio 2,,Earphones & Headphones,Headphones,Black,Black,"Apple Phones, Apple Ipods, Apple Ipads, Samsung Phones",Headphone,"Over The Ear, Stereo, Noice Cancelling",With Microphone,1 Year Warranty,,"The world’s most famous headphone has been completely redesigned and reimagined. The new Beats Studio is lighter, sexier, stronger, and more comfortable, with precision sound, Adaptive Noise Canceling, a 20-hour rechargeable battery, and RemoteTalk. It has all the energy and excitement you expect from Beats, plus a powerful, reengineered sound.",Beats_By_Dre_Studio_2_Headphone_Black_1.jpeg,Beats_By_Dre_Studio_2_Headphone_Black_2.jpeg,Beats_By_Dre_Studio_2_Headphone_Black_3.jpeg,Beats_By_Dre_Studio_2_Headphone_Black_4.jpeg,Beats_By_Dre_Studio_2_Headphone_Black_5.jpeg,Beats_By_Dre_Studio_2_Headphone_Black_6.jpeg,Beats_By_Dre_Studio_2_Headphone_Black_7.jpeg,,1,1,5,23600,,,,,,,,,,,
Beats By Dre Studio 2 Headphone - Blue,8.48447E+11,Beats By Dre,Studio 2,,Earphones & Headphones,Headphones,Blue,Blue,"Apple Phones, Apple Ipods, Apple Ipads, Samsung Phones",Headphone,"Over The Ear, Stereo, Noice Cancelling",With Microphone,1 Year Warranty,,"The world’s most famous headphone has been completely redesigned and reimagined. The new Beats Studio is lighter, sexier, stronger, and more comfortable, with precision sound, Adaptive Noise Canceling, a 20-hour rechargeable battery, and RemoteTalk. It has all the energy and excitement you expect from Beats, plus a powerful, reengineered sound.",Beats_By_Dre_Studio_2_Headphone_Blue_1.jpeg,Beats_By_Dre_Studio_2_Headphone_Blue_2.jpeg,Beats_By_Dre_Studio_2_Headphone_Blue_3.jpeg,Beats_By_Dre_Studio_2_Headphone_Blue_4.jpeg,Beats_By_Dre_Studio_2_Headphone_Blue_5.jpeg,Beats_By_Dre_Studio_2_Headphone_Blue_6.jpeg,Beats_By_Dre_Studio_2_Headphone_Blue_7.jpeg,,1,1,5,23600,,,,,,,,,,,
Beats By Dre Studio Wireless Headphone - Black,8.48447E+11,Beats By Dre,Studio Wireless,,Earphones & Headphones,Headphones,Black,Black,"Apple Phones, Apple Ipods, Apple Ipads, Samsung Phones",Headphone,"Over The Ear, Stereo, Noice Cancelling",With Microphone,1 Year Warranty,,Pair and play with your Bluetooth device with 30 foot range. Dual-mode Adaptive Noise Canceling. Iconic Beats sound. 12 hour rechargeable battery with Fuel Gauge. Take hands-free calls with built-in mic.,Beats_By_Dre_Studio_Wireless_Headphone_Black_1.jpeg,Beats_By_Dre_Studio_Wireless_Headphone_Black_2.jpeg,Beats_By_Dre_Studio_Wireless_Headphone_Black_3.jpeg,Beats_By_Dre_Studio_Wireless_Headphone_Black_4.jpeg,Beats_By_Dre_Studio_Wireless_Headphone_Black_5.jpeg,Beats_By_Dre_Studio_Wireless_Headphone_Black_6.jpeg,Beats_By_Dre_Studio_Wireless_Headphone_Black_7.jpeg,,1,1,5,29900,,,,,,,,,,,
Beats By Dre Studio Wireless Headphone - White,8.48447E+11,Beats By Dre,Studio Wireless,,Earphones & Headphones,Headphones,White,White,"Apple Phones, Apple Ipods, Apple Ipads, Samsung Phones",Headphone,"Over The Ear, Stereo, Noice Cancelling",With Microphone,1 Year Warranty,,Pair and play with your Bluetooth device with 30 foot range. Dual-mode Adaptive Noise Canceling. Iconic Beats sound. 12 hour rechargeable battery with Fuel Gauge. Take hands-free calls with built-in mic.,Beats_By_Dre_Studio_Wireless_Headphone_White_1.jpeg,Beats_By_Dre_Studio_Wireless_Headphone_White_2.jpeg,Beats_By_Dre_Studio_Wireless_Headphone_White_3.jpeg,Beats_By_Dre_Studio_Wireless_Headphone_White_4.jpeg,Beats_By_Dre_Studio_Wireless_Headphone_White_5.jpeg,Beats_By_Dre_Studio_Wireless_Headphone_White_6.jpeg,Beats_By_Dre_Studio_Wireless_Headphone_White_7.jpeg,,1,1,5,29900,,,,,,,,,,,
Beats By Dre Studio Wireless Headphone - Red,8.48447E+11,Beats By Dre,Studio Wireless,,Earphones & Headphones,Headphones,Red,Red,"Apple Phones, Apple Ipods, Apple Ipads, Samsung Phones",Headphone,"Over The Ear, Stereo, Noice Cancelling",With Microphone,1 Year Warranty,,Pair and play with your Bluetooth device with 30 foot range. Dual-mode Adaptive Noise Canceling. Iconic Beats sound. 12 hour rechargeable battery with Fuel Gauge. Take hands-free calls with built-in mic.,Beats_By_Dre_Studio_Wireless_Headphone_Red_1.jpeg,Beats_By_Dre_Studio_Wireless_Headphone_Red_2.jpeg,Beats_By_Dre_Studio_Wireless_Headphone_Red_3.jpeg,Beats_By_Dre_Studio_Wireless_Headphone_Red_4.jpeg,Beats_By_Dre_Studio_Wireless_Headphone_Red_5.jpeg,Beats_By_Dre_Studio_Wireless_Headphone_Red_6.jpeg,Beats_By_Dre_Studio_Wireless_Headphone_Red_7.jpeg,,1,1,5,29900,,,,,,,,,,,
Beats By Dre Studio Wireless Headphone - Blue,8.48447E+11,Beats By Dre,Studio Wireless,,Earphones & Headphones,Headphones,Blue,Blue,"Apple Phones, Apple Ipods, Apple Ipads, Samsung Phones",Headphone,"Over The Ear, Stereo, Noice Cancelling",With Microphone,1 Year Warranty,,Pair and play with your Bluetooth device with 30 foot range. Dual-mode Adaptive Noise Canceling. Iconic Beats sound. 12 hour rechargeable battery with Fuel Gauge. Take hands-free calls with built-in mic.,Beats_By_Dre_Studio_Wireless_Headphone_Blue_1.jpeg,Beats_By_Dre_Studio_Wireless_Headphone_Blue_2.jpeg,Beats_By_Dre_Studio_Wireless_Headphone_Blue_3.jpeg,Beats_By_Dre_Studio_Wireless_Headphone_Blue_4.jpeg,Beats_By_Dre_Studio_Wireless_Headphone_Blue_5.jpeg,Beats_By_Dre_Studio_Wireless_Headphone_Blue_6.jpeg,Beats_By_Dre_Studio_Wireless_Headphone_Blue_7.jpeg,,1,1,5,29900,,,,,,,,,,,
Beats By Dre Studio Wireless Headphone - Titanium,8.48447E+11,Beats By Dre,Studio Wireless,,Earphones & Headphones,Headphones,Titanium,Titanium,"Apple Phones, Apple Ipods, Apple Ipads, Samsung Phones",Headphone,"Over The Ear, Stereo, Noice Cancelling",With Microphone,1 Year Warranty,,Pair and play with your Bluetooth device with 30 foot range. Dual-mode Adaptive Noise Canceling. Iconic Beats sound. 12 hour rechargeable battery with Fuel Gauge. Take hands-free calls with built-in mic.,Beats_By_Dre_Studio_Wireless_Headphone_Titanium_1.jpeg,Beats_By_Dre_Studio_Wireless_Headphone_Titanium_2.jpeg,Beats_By_Dre_Studio_Wireless_Headphone_Titanium_3.jpeg,Beats_By_Dre_Studio_Wireless_Headphone_Titanium_4.jpeg,Beats_By_Dre_Studio_Wireless_Headphone_Titanium_5.jpeg,Beats_By_Dre_Studio_Wireless_Headphone_Titanium_6.jpeg,Beats_By_Dre_Studio_Wireless_Headphone_Titanium_7.jpeg,,1,1,5,29900,,,,,,,,,,,
Beats By Dre Executive Headphone - Silver,8.48447E+11,Beats By Dre,Executive,,Earphones & Headphones,Headphones,Silver,Silver,"Apple Phones, Apple Ipods, Apple Ipads, Samsung Phones",Headphone,"Over The Ear, Stereo, Noice Cancelling",With Microphone,1 Year Warranty,,"Beats Executive headphones are crafted to provide crisp, uninterrupted sound with the best quality materials. The sleek, aluminum body ensures a durable product and the soft ear cushions provide hours of listening comfort. Lightweight but sturdy materials and a unique folding design make Beats Executive headphones easy to carry for incredible sound anywhere. Active Noise Cancellation (ANC) and custom EQ deliver pure audio that is free from external disruptions and exceptionally clear.",Beats_By_Dre_Executive_Headphone_Silver_1.jpeg,Beats_By_Dre_Executive_Headphone_Silver_2.jpeg,Beats_By_Dre_Executive_Headphone_Silver_3.jpeg,Beats_By_Dre_Executive_Headphone_Silver_4.jpeg,Beats_By_Dre_Executive_Headphone_Silver_5.jpeg,Beats_By_Dre_Executive_Headphone_Silver_6.jpeg,Beats_By_Dre_Executive_Headphone_Silver_7.jpeg,,1,1,5,24500,,,,,,,,,,,
Beats By Dre Mixr Headphone - Red,8.48447E+11,Beats By Dre,Mixr,,Earphones & Headphones,Headphones,Red,Red,"Apple Phones, Apple Ipods, Apple Ipads, Samsung Phones",Headphone,"On The Ear, Stereo",With Microphone,1 Year Warranty,,Beats Mixr headphones deliver extremely deep bass at extraordinarily high volume. Made for pros warming up the party. Rotating earcups to hear the sound around you. Take calls and control music with RemoteTalk cable.,Beats_By_Dre_Mixr_Headphone_Red_1.jpeg,Beats_By_Dre_Mixr_Headphone_Red_2.jpeg,Beats_By_Dre_Mixr_Headphone_Red_3.jpeg,Beats_By_Dre_Mixr_Headphone_Red_4.jpeg,Beats_By_Dre_Mixr_Headphone_Red_5.jpeg,Beats_By_Dre_Mixr_Headphone_Red_6.jpeg,Beats_By_Dre_Mixr_Headphone_Red_7.jpeg,,1,1,5,20750,,,,,,,,,,,
Beats By Dre Mixr Headphone - Black,8.48447E+11,Beats By Dre,Mixr,,Earphones & Headphones,Headphones,Black,Black,"Apple Phones, Apple Ipods, Apple Ipads, Samsung Phones",Headphone,"On The Ear, Stereo",With Microphone,1 Year Warranty,,Beats Mixr headphones deliver extremely deep bass at extraordinarily high volume. Made for pros warming up the party. Rotating earcups to hear the sound around you. Take calls and control music with RemoteTalk cable.,Beats_By_Dre_Mixr_Headphone_Black_1.jpeg,Beats_By_Dre_Mixr_Headphone_Black_2.jpeg,Beats_By_Dre_Mixr_Headphone_Black_3.jpeg,Beats_By_Dre_Mixr_Headphone_Black_4.jpeg,Beats_By_Dre_Mixr_Headphone_Black_5.jpeg,Beats_By_Dre_Mixr_Headphone_Black_6.jpeg,Beats_By_Dre_Mixr_Headphone_Black_7.jpeg,,1,1,5,20750,,,,,,,,,,,
Beats By Dre Solo HD Headphone - Matte Black,8.48447E+11,Beats By Dre,Solo HD,,Earphones & Headphones,Headphones,Matte Black,Matte Black,"Apple Phones, Apple Ipods, Apple Ipads, Samsung Phones",Headphone,"On The Ear, Stereo",With Microphone,1 Year Warranty,,"High-performance with advanced driver design that allows you to enjoy every studio nuance of your favorite music. Advanced driver design for precise audio clarity. Compact and incredibly lightweight, the tri-fold design allows Solos to fit into the included compact carrying case. ",Beats_By_Dre_Solo_HD_Headphone_Matte_Black_1.jpeg,Beats_By_Dre_Solo_HD_Headphone_Matte_Black_2.jpeg,Beats_By_Dre_Solo_HD_Headphone_Matte_Black_3.jpeg,Beats_By_Dre_Solo_HD_Headphone_Matte_Black_4.jpeg,Beats_By_Dre_Solo_HD_Headphone_Matte_Black_5.jpeg,Beats_By_Dre_Solo_HD_Headphone_Matte_Black_6.jpeg,Beats_By_Dre_Solo_HD_Headphone_Matte_Black_7.jpeg,,1,1,5,19000,,,,,,,,,,,
Beats By Dre Solo HD Headphone - White,8.48447E+11,Beats By Dre,Solo HD,,Earphones & Headphones,Headphones,White,White,"Apple Phones, Apple Ipods, Apple Ipads, Samsung Phones",Headphone,"On The Ear, Stereo",With Microphone,1 Year Warranty,,"High-performance with advanced driver design that allows you to enjoy every studio nuance of your favorite music. Advanced driver design for precise audio clarity. Compact and incredibly lightweight, the tri-fold design allows Solos to fit into the included compact carrying case. ",Beats_By_Dre_Solo_HD_Headphone_White_1.jpeg,Beats_By_Dre_Solo_HD_Headphone_White_2.jpeg,Beats_By_Dre_Solo_HD_Headphone_White_3.jpeg,Beats_By_Dre_Solo_HD_Headphone_White_4.jpeg,Beats_By_Dre_Solo_HD_Headphone_White_5.jpeg,Beats_By_Dre_Solo_HD_Headphone_White_6.jpeg,Beats_By_Dre_Solo_HD_Headphone_White_7.jpeg,,1,1,5,19000,,,,,,,,,,,
Beats By Dre Solo HD Headphone - Matte Red,8.48447E+11,Beats By Dre,Solo HD,,Earphones & Headphones,Headphones,Matte Red,Matte Red,"Apple Phones, Apple Ipods, Apple Ipads, Samsung Phones",Headphone,"On The Ear, Stereo",With Microphone,1 Year Warranty,,"High-performance with advanced driver design that allows you to enjoy every studio nuance of your favorite music. Advanced driver design for precise audio clarity. Compact and incredibly lightweight, the tri-fold design allows Solos to fit into the included compact carrying case. ",Beats_By_Dre_Solo_HD_Headphone_Matte_Red_1.jpeg,Beats_By_Dre_Solo_HD_Headphone_Matte_Red_2.jpeg,Beats_By_Dre_Solo_HD_Headphone_Matte_Red_3.jpeg,Beats_By_Dre_Solo_HD_Headphone_Matte_Red_4.jpeg,Beats_By_Dre_Solo_HD_Headphone_Matte_Red_5.jpeg,Beats_By_Dre_Solo_HD_Headphone_Matte_Red_6.jpeg,Beats_By_Dre_Solo_HD_Headphone_Matte_Red_7.jpeg,,1,1,5,19000,,,,,,,,,,,
Beats By Dre Solo 2 Headphone - Blue,8.48447E+11,Beats By Dre,Solo 2,,Earphones & Headphones,Headphones,Blue,Blue,"Apple Phones, Apple Ipods, Apple Ipads, Samsung Phones",Headphone,"On The Ear, Stereo",With Microphone,1 Year Warranty,,"The sound and design you’ve come to expect from our Beats Solo2 is now matched by a refined glossy finish and polished accents. Fine-tuned acoustics for clarity, breadth and balance. Durable and foldable so you can take them on-the-go. Take calls and control music with RemoteTalk cable.",Beats_By_Dre_Solo_2_Headphone_Blue_1.jpeg,Beats_By_Dre_Solo_2_Headphone_Blue_2.jpeg,Beats_By_Dre_Solo_2_Headphone_Blue_3.jpeg,Beats_By_Dre_Solo_2_Headphone_Blue_4.jpeg,Beats_By_Dre_Solo_2_Headphone_Blue_5.jpeg,Beats_By_Dre_Solo_2_Headphone_Blue_6.jpeg,Beats_By_Dre_Solo_2_Headphone_Blue_7.jpeg,,1,1,5,18000,,,,,,,,,,,
Beats By Dre Solo 2 Headphone - White,8.48447E+11,Beats By Dre,Solo 2,,Earphones & Headphones,Headphones,White,White,"Apple Phones, Apple Ipods, Apple Ipads, Samsung Phones",Headphone,"On The Ear, Stereo",With Microphone,1 Year Warranty,,"The sound and design you’ve come to expect from our Beats Solo2 is now matched by a refined glossy finish and polished accents. Fine-tuned acoustics for clarity, breadth and balance. Durable and foldable so you can take them on-the-go. Take calls and control music with RemoteTalk cable.",Beats_By_Dre_Solo_2_Headphone_White_1.jpeg,Beats_By_Dre_Solo_2_Headphone_White_2.jpeg,Beats_By_Dre_Solo_2_Headphone_White_3.jpeg,Beats_By_Dre_Solo_2_Headphone_White_4.jpeg,Beats_By_Dre_Solo_2_Headphone_White_5.jpeg,Beats_By_Dre_Solo_2_Headphone_White_6.jpeg,Beats_By_Dre_Solo_2_Headphone_White_7.jpeg,,1,1,5,18000,,,,,,,,,,,
Beats By Dre Solo 2 Headphone - Red,8.48447E+11,Beats By Dre,Solo 2,,Earphones & Headphones,Headphones,Red,Red,"Apple Phones, Apple Ipods, Apple Ipads, Samsung Phones",Headphone,"On The Ear, Stereo",With Microphone,1 Year Warranty,,"The sound and design you’ve come to expect from our Beats Solo2 is now matched by a refined glossy finish and polished accents. Fine-tuned acoustics for clarity, breadth and balance. Durable and foldable so you can take them on-the-go. Take calls and control music with RemoteTalk cable.",Beats_By_Dre_Solo_2_Headphone_Red_1.jpeg,Beats_By_Dre_Solo_2_Headphone_Red_2.jpeg,Beats_By_Dre_Solo_2_Headphone_Red_3.jpeg,Beats_By_Dre_Solo_2_Headphone_Red_4.jpeg,Beats_By_Dre_Solo_2_Headphone_Red_5.jpeg,Beats_By_Dre_Solo_2_Headphone_Red_6.jpeg,Beats_By_Dre_Solo_2_Headphone_Red_7.jpeg,,1,1,5,18000,,,,,,,,,,,
Beats By Dre Solo 2 Headphone - Black,8.48447E+11,Beats By Dre,Solo 2,,Earphones & Headphones,Headphones,Black,Black,"Apple Phones, Apple Ipods, Apple Ipads, Samsung Phones",Headphone,"On The Ear, Stereo",With Microphone,1 Year Warranty,,"The sound and design you’ve come to expect from our Beats Solo2 is now matched by a refined glossy finish and polished accents. Fine-tuned acoustics for clarity, breadth and balance. Durable and foldable so you can take them on-the-go. Take calls and control music with RemoteTalk cable.",Beats_By_Dre_Solo_2_Headphone_Black_1.jpeg,Beats_By_Dre_Solo_2_Headphone_Black_2.jpeg,Beats_By_Dre_Solo_2_Headphone_Black_3.jpeg,Beats_By_Dre_Solo_2_Headphone_Black_4.jpeg,Beats_By_Dre_Solo_2_Headphone_Black_5.jpeg,Beats_By_Dre_Solo_2_Headphone_Black_6.jpeg,Beats_By_Dre_Solo_2_Headphone_Black_7.jpeg,,1,1,5,18000,,,,,,,,,,,
Beats By Dre Solo 2 Wireless Headphone - Red,8.48447E+11,Beats By Dre,Solo 2 Wireless,,Earphones & Headphones,Headphones,Red,Red,"Apple Phones, Apple Ipods, Apple Ipads, Samsung Phones",Headphone,"On The Ear, Stereo",With Microphone,1 Year Warranty,,"Pair and Play with your Bluetooth device with 30’ range. Fine-tuned acoustics for clarity, breadth and balance. 12 hour rechargeable battery with Fuel Gauge. Take hands-free calls with built-in mic.",Beats_By_Dre_Solo_2_Wireless_Headphone_Red_1.jpeg,Beats_By_Dre_Solo_2_Wireless_Headphone_Red_2.jpeg,Beats_By_Dre_Solo_2_Wireless_Headphone_Red_3.jpeg,Beats_By_Dre_Solo_2_Wireless_Headphone_Red_4.jpeg,Beats_By_Dre_Solo_2_Wireless_Headphone_Red_5.jpeg,Beats_By_Dre_Solo_2_Wireless_Headphone_Red_6.jpeg,Beats_By_Dre_Solo_2_Wireless_Headphone_Red_7.jpeg,,1,1,5,23600,,,,,,,,,,,
Beats By Dre Solo 2 Wireless Headphone - White,8.48447E+11,Beats By Dre,Solo 2 Wireless,,Earphones & Headphones,Headphones,White,White,"Apple Phones, Apple Ipods, Apple Ipads, Samsung Phones",Headphone,"On The Ear, Stereo",With Microphone,1 Year Warranty,,"Pair and Play with your Bluetooth device with 30’ range. Fine-tuned acoustics for clarity, breadth and balance. 12 hour rechargeable battery with Fuel Gauge. Take hands-free calls with built-in mic.",Beats_By_Dre_Solo_2_Wireless_Headphone_White_1.jpeg,Beats_By_Dre_Solo_2_Wireless_Headphone_White_2.jpeg,Beats_By_Dre_Solo_2_Wireless_Headphone_White_3.jpeg,Beats_By_Dre_Solo_2_Wireless_Headphone_White_4.jpeg,Beats_By_Dre_Solo_2_Wireless_Headphone_White_5.jpeg,Beats_By_Dre_Solo_2_Wireless_Headphone_White_6.jpeg,Beats_By_Dre_Solo_2_Wireless_Headphone_White_7.jpeg,,1,1,5,23600,,,,,,,,,,,
Beats By Dre Solo 2 Wireless Headphone - Blue,8.48447E+11,Beats By Dre,Solo 2 Wireless,,Earphones & Headphones,Headphones,Blue,Blue,"Apple Phones, Apple Ipods, Apple Ipads, Samsung Phones",Headphone,"On The Ear, Stereo",With Microphone,1 Year Warranty,,"Pair and Play with your Bluetooth device with 30’ range. Fine-tuned acoustics for clarity, breadth and balance. 12 hour rechargeable battery with Fuel Gauge. Take hands-free calls with built-in mic.",Beats_By_Dre_Solo_2_Wireless_Headphone_Blue_1.jpeg,Beats_By_Dre_Solo_2_Wireless_Headphone_Blue_2.jpeg,Beats_By_Dre_Solo_2_Wireless_Headphone_Blue_3.jpeg,Beats_By_Dre_Solo_2_Wireless_Headphone_Blue_4.jpeg,Beats_By_Dre_Solo_2_Wireless_Headphone_Blue_5.jpeg,Beats_By_Dre_Solo_2_Wireless_Headphone_Blue_6.jpeg,Beats_By_Dre_Solo_2_Wireless_Headphone_Blue_7.jpeg,,1,1,5,23600,,,,,,,,,,,
Beats By Dre Solo 2 Wireless Headphone - Black,8.48447E+11,Beats By Dre,Solo 2 Wireless,,Earphones & Headphones,Headphones,Black,Black,"Apple Phones, Apple Ipods, Apple Ipads, Samsung Phones",Headphone,"On The Ear, Stereo",With Microphone,1 Year Warranty,,"Pair and Play with your Bluetooth device with 30’ range. Fine-tuned acoustics for clarity, breadth and balance. 12 hour rechargeable battery with Fuel Gauge. Take hands-free calls with built-in mic.",Beats_By_Dre_Solo_2_Wireless_Headphone_Black_1.jpeg,Beats_By_Dre_Solo_2_Wireless_Headphone_Black_2.jpeg,Beats_By_Dre_Solo_2_Wireless_Headphone_Black_3.jpeg,Beats_By_Dre_Solo_2_Wireless_Headphone_Black_4.jpeg,Beats_By_Dre_Solo_2_Wireless_Headphone_Black_5.jpeg,Beats_By_Dre_Solo_2_Wireless_Headphone_Black_6.jpeg,Beats_By_Dre_Solo_2_Wireless_Headphone_Black_7.jpeg,,1,1,5,23600,,,,,,,,,,,
Beats By Dre Solo 2 Wireless Headphone - Gold,8.88462E+11,Beats By Dre,Solo 2 Wireless,,Earphones & Headphones,Headphones,Gold,Gold,"Apple Phones, Apple Ipods, Apple Ipads, Samsung Phones",Headphone,"On The Ear, Stereo",With Microphone,1 Year Warranty,,"Pair and Play with your Bluetooth device with 30’ range. Fine-tuned acoustics for clarity, breadth and balance. 12 hour rechargeable battery with Fuel Gauge. Take hands-free calls with built-in mic.",Beats_By_Dre_Solo_2_Wireless_Headphone_Gold_1.jpeg,Beats_By_Dre_Solo_2_Wireless_Headphone_Gold_2.jpeg,Beats_By_Dre_Solo_2_Wireless_Headphone_Gold_3.jpeg,Beats_By_Dre_Solo_2_Wireless_Headphone_Gold_4.jpeg,Beats_By_Dre_Solo_2_Wireless_Headphone_Gold_5.jpeg,Beats_By_Dre_Solo_2_Wireless_Headphone_Gold_6.jpeg,Beats_By_Dre_Solo_2_Wireless_Headphone_Gold_7.jpeg,,1,1,5,23600,,,,,,,,,,,
Beats By Dre Solo 2 Wireless Headphone - Silver,8.88462E+11,Beats By Dre,Solo 2 Wireless,,Earphones & Headphones,Headphones,Silver,Silver,"Apple Phones, Apple Ipods, Apple Ipads, Samsung Phones",Headphone,"On The Ear, Stereo",With Microphone,1 Year Warranty,,"Pair and Play with your Bluetooth device with 30’ range. Fine-tuned acoustics for clarity, breadth and balance. 12 hour rechargeable battery with Fuel Gauge. Take hands-free calls with built-in mic.",Beats_By_Dre_Solo_2_Wireless_Headphone_Silver_1.jpeg,Beats_By_Dre_Solo_2_Wireless_Headphone_Silver_2.jpeg,Beats_By_Dre_Solo_2_Wireless_Headphone_Silver_3.jpeg,Beats_By_Dre_Solo_2_Wireless_Headphone_Silver_4.jpeg,Beats_By_Dre_Solo_2_Wireless_Headphone_Silver_5.jpeg,Beats_By_Dre_Solo_2_Wireless_Headphone_Silver_6.jpeg,Beats_By_Dre_Solo_2_Wireless_Headphone_Silver_7.jpeg,,1,1,5,23600,,,,,,,,,,,
Beats By Dre Solo 2 Wireless Headphone - Space Gray,8.88462E+11,Beats By Dre,Solo 2 Wireless,,Earphones & Headphones,Headphones,Space Gray,Space Gray,"Apple Phones, Apple Ipods, Apple Ipads, Samsung Phones",Headphone,"On The Ear, Stereo",With Microphone,1 Year Warranty,,"Pair and Play with your Bluetooth device with 30’ range. Fine-tuned acoustics for clarity, breadth and balance. 12 hour rechargeable battery with Fuel Gauge. Take hands-free calls with built-in mic.",Beats_By_Dre_Solo_2_Wireless_Headphone_Space_Gray_1.jpeg,Beats_By_Dre_Solo_2_Wireless_Headphone_Space_Gray_2.jpeg,Beats_By_Dre_Solo_2_Wireless_Headphone_Space_Gray_3.jpeg,Beats_By_Dre_Solo_2_Wireless_Headphone_Space_Gray_4.jpeg,Beats_By_Dre_Solo_2_Wireless_Headphone_Space_Gray_5.jpeg,Beats_By_Dre_Solo_2_Wireless_Headphone_Space_Gray_6.jpeg,Beats_By_Dre_Solo_2_Wireless_Headphone_Space_Gray_7.jpeg,,1,1,5,23600,,,,,,,,,,,
